Course Code,Course Title,Broad Subject,Setting,Credentials Authorizing Course,Notes
1000,Self-Contained Class,Self-Contained,General Education,Full Authorization:Multiple Subject,
7000,Exploratory Career Technical Education,Elective,Career Technical Education,Full Authorization:CTE credential in any of the currently-issued industry sectorsSingle Subject*: Agriculture; Business; Home Economics; Industrial and Technology Education,*Use of flexibility afforded through Title 5 80004(c) is at the discretion of the employing agency.
7001,Exploratory Family and Consumer Sciences (Grades 6-8),"Education, Child Development, and Family Services",Career Technical Education,"Full Authorization:CTE: Education, Child Development, and Family ServicesSingle Subject*: Home Economics",*Use of flexibility afforded through Title 5 80004(c) is at the discretion of the employing agency.
7100,Introduction to Agriculture and Natural Resources,Agriculture and Natural Resources,Career Technical Education,Full Authorization:CTE: Agriculture and Natural ResourcesSingle Subject*: Agriculture,*Use of flexibility afforded through Title 5 80004(c) is at the discretion of the employing agency.
7110,Introduction to Agricultural Business,Agriculture and Natural Resources,Career Technical Education,Full Authorization:CTE: Agriculture and Natural ResourcesSingle Subject*: Agriculture,*Use of flexibility afforded through Title 5 80004(c) is at the discretion of the employing agency.
7111,Intermediate Agricultural Business (Concentrator),Agriculture and Natural Resources,Career Technical Education,Full Authorization:CTE: Agriculture and Natural ResourcesSingle Subject*: Agriculture,*Use of flexibility afforded through Title 5 80004(c) is at the discretion of the employing agency.
7112,Advanced Agricultural Business (Capstone),Agriculture and Natural Resources,Career Technical Education,Full Authorization:CTE: Agriculture and Natural ResourcesSingle Subject*: Agriculture,*Use of flexibility afforded through Title 5 80004(c) is at the discretion of the employing agency.
7120,Introduction to Agricultural Mechanics,Agriculture and Natural Resources,Career Technical Education,Full Authorization:CTE: Agriculture and Natural ResourcesSingle Subject*: Agriculture,*Use of flexibility afforded through Title 5 80004(c) is at the discretion of the employing agency.
7121,Intermediate Agricultural Mechanics (Concentrator),Agriculture and Natural Resources,Career Technical Education,Full Authorization:CTE: Agriculture and Natural ResourcesSingle Subject*: Agriculture,*Use of flexibility afforded through Title 5 80004(c) is at the discretion of the employing agency.
7122,Advanced Agricultural Mechanics (Capstone),Agriculture and Natural Resources,Career Technical Education,Full Authorization:CTE: Agriculture and Natural ResourcesSingle Subject*: Agriculture,*Use of flexibility afforded through Title 5 80004(c) is at the discretion of the employing agency.
7130,Introduction to Agriscience,Agriculture and Natural Resources,Career Technical Education,Full Authorization:CTE: Agriculture and Natural ResourcesSingle Subject*: Agriculture,*Use of flexibility afforded through Title 5 80004(c) is at the discretion of the employing agency.
7131,Intermediate Agriscience (Concentrator),Agriculture and Natural Resources,Career Technical Education,Full Authorization:CTE: Agriculture and Natural ResourcesSingle Subject*: Agriculture,*Use of flexibility afforded through Title 5 80004(c) is at the discretion of the employing agency.
7132,Advanced Agriscience (Capstone),Agriculture and Natural Resources,Career Technical Education,Full Authorization:CTE: Agriculture and Natural ResourcesSingle Subject*: Agriculture,*Use of flexibility afforded through Title 5 80004(c) is at the discretion of the employing agency.
7133,Introduction to Sustainable Agriculture,Agriculture and Natural Resources,Career Technical Education,Full Authorization:CTE: Agriculture and Natural ResourcesSingle Subject*: Agriculture,*Use of flexibility afforded through Title 5 80004(c) is at the discretion of the employing agency.
7134,Intermediate Sustainable Agriculture (Concentrator),Agriculture and Natural Resources,Career Technical Education,Full Authorization:CTE: Agriculture and Natural ResourcesSingle Subject*: Agriculture,*Use of flexibility afforded through Title 5 80004(c) is at the discretion of the employing agency.
7135,Advanced Sustainable Agriculture (Capstone),Agriculture and Natural Resources,Career Technical Education,Full Authorization:CTE: Agriculture and Natural ResourcesSingle Subject*: Agriculture,*Use of flexibility afforded through Title 5 80004(c) is at the discretion of the employing agency.
7140,Introduction to Animal Science,Agriculture and Natural Resources,Career Technical Education,Full Authorization:CTE: Agriculture and Natural ResourcesSingle Subject*: Agriculture,*Use of flexibility afforded through Title 5 80004(c) is at the discretion of the employing agency.
7141,Intermediate Animal Science (Concentrator),Agriculture and Natural Resources,Career Technical Education,Full Authorization:CTE: Agriculture and Natural ResourcesSingle Subject*: Agriculture,*Use of flexibility afforded through Title 5 80004(c) is at the discretion of the employing agency.
7142,Advanced Animal Science (Capstone),Agriculture and Natural Resources,Career Technical Education,Full Authorization:CTE: Agriculture and Natural ResourcesSingle Subject*: Agriculture,*Use of flexibility afforded through Title 5 80004(c) is at the discretion of the employing agency.
7150,Introduction to Forestry and Natural Resources,Agriculture and Natural Resources,Career Technical Education,Full Authorization:CTE: Agriculture and Natural ResourcesSingle Subject*: Agriculture,*Use of flexibility afforded through Title 5 80004(c) is at the discretion of the employing agency.
7151,Intermediate Forestry and Natural Resources (Concentrator),Agriculture and Natural Resources,Career Technical Education,Full Authorization:CTE: Agriculture and Natural ResourcesSingle Subject*: Agriculture,*Use of flexibility afforded through Title 5 80004(c) is at the discretion of the employing agency.
7152,Advanced Forestry and Natural Resources (Capstone),Agriculture and Natural Resources,Career Technical Education,Full Authorization:CTE: Agriculture and Natural ResourcesSingle Subject*: Agriculture,*Use of flexibility afforded through Title 5 80004(c) is at the discretion of the employing agency.
7160,Introduction to Ornamental Horticulture,Agriculture and Natural Resources,Career Technical Education,Full Authorization:CTE: Agriculture and Natural ResourcesSingle Subject*: Agriculture,*Use of flexibility afforded through Title 5 80004(c) is at the discretion of the employing agency.
7161,Intermediate Ornamental Horticulture (Concentrator),Agriculture and Natural Resources,Career Technical Education,Full Authorization:CTE: Agriculture and Natural ResourcesSingle Subject*: Agriculture,*Use of flexibility afforded through Title 5 80004(c) is at the discretion of the employing agency.
7162,Advanced Ornamental Horticulture (Capstone),Agriculture and Natural Resources,Career Technical Education,Full Authorization:CTE: Agriculture and Natural ResourcesSingle Subject*: Agriculture,*Use of flexibility afforded through Title 5 80004(c) is at the discretion of the employing agency.
7163,Introduction to Floral Design,Agriculture and Natural Resources,Career Technical Education,Full Authorization:CTE: Agriculture and Natural ResourcesSingle Subject*: Agriculture,*Use of flexibility afforded through Title 5 80004(c) is at the discretion of the employing agency.
7164,Intermediate Floral Design (Concentrator),Agriculture and Natural Resources,Career Technical Education,Full Authorization:CTE: Agriculture and Natural ResourcesSingle Subject*: Agriculture,*Use of flexibility afforded through Title 5 80004(c) is at the discretion of the employing agency.
7165,Advanced Floral Design (Capstone),Agriculture and Natural Resources,Career Technical Education,Full Authorization:CTE: Agriculture and Natural ResourcesSingle Subject*: Agriculture,*Use of flexibility afforded through Title 5 80004(c) is at the discretion of the employing agency.
7170,Introduction to Plant Science,Agriculture and Natural Resources,Career Technical Education,Full Authorization:CTE: Agriculture and Natural ResourcesSingle Subject*: Agriculture,*Use of flexibility afforded through Title 5 80004(c) is at the discretion of the employing agency.
7171,Intermediate Plant Science (Concentrator),Agriculture and Natural Resources,Career Technical Education,Full Authorization:CTE: Agriculture and Natural ResourcesSingle Subject*: Agriculture,*Use of flexibility afforded through Title 5 80004(c) is at the discretion of the employing agency.
7172,Advanced Plant Science (Capstone),Agriculture and Natural Resources,Career Technical Education,Full Authorization:CTE: Agriculture and Natural ResourcesSingle Subject*: Agriculture,*Use of flexibility afforded through Title 5 80004(c) is at the discretion of the employing agency.
7200,"Introduction to Arts, Media, and Entertainment","Arts, Media, and Entertainment",Career Technical Education,"Full Authorization:CTE: Arts, Media, and EntertainmentSingle Subject*: Industrial and Technology Education",*Use of flexibility afforded through Title 5 80004(c) is at the discretion of the employing agency.
7210,Introduction to Design,"Arts, Media, and Entertainment",Career Technical Education,"Full Authorization:CTE: Arts, Media, and EntertainmentSingle Subject*: Industrial and Technology Education",*Use of flexibility afforded through Title 5 80004(c) is at the discretion of the employing agency.
7211,Intermediate Design (Concentrator),"Arts, Media, and Entertainment",Career Technical Education,"Full Authorization:CTE: Arts, Media, and EntertainmentSingle Subject*: Industrial and Technology Education",*Use of flexibility afforded through Title 5 80004(c) is at the discretion of the employing agency.
7212,Advanced Design (Capstone),"Arts, Media, and Entertainment",Career Technical Education,"Full Authorization:CTE: Arts, Media, and EntertainmentSingle Subject*: Industrial and Technology Education",*Use of flexibility afforded through Title 5 80004(c) is at the discretion of the employing agency.
7214,Intermediate Animation (Concentrator),"Arts, Media, and Entertainment",Career Technical Education,"Full Authorization:CTE: Arts, Media, and EntertainmentSingle Subject*: Industrial and Technology Education",*Use of flexibility afforded through Title 5 80004(c) is at the discretion of the employing agency.
7215,Advanced Animation (Capstone),"Arts, Media, and Entertainment",Career Technical Education,"Full Authorization:CTE: Arts, Media, and EntertainmentSingle Subject*: Industrial and Technology Education",*Use of flexibility afforded through Title 5 80004(c) is at the discretion of the employing agency.
7217,Intermediate Studio Arts (Concentrator),"Arts, Media, and Entertainment",Career Technical Education,"Full Authorization:CTE: Arts, Media, and EntertainmentSingle Subject*: Industrial and Technology Education",*Use of flexibility afforded through Title 5 80004(c) is at the discretion of the employing agency.
7218,Advanced Studio Arts (Capstone),"Arts, Media, and Entertainment",Career Technical Education,"Full Authorization:CTE: Arts, Media, and EntertainmentSingle Subject*: Industrial and Technology Education",*Use of flexibility afforded through Title 5 80004(c) is at the discretion of the employing agency.
7219,Introduction to Media Arts and Production,"Arts, Media, and Entertainment",Career Technical Education,"Full Authorization:CTE: Arts, Media, and EntertainmentSingle Subject*: Industrial and Technology Education",*Use of flexibility afforded through Title 5 80004(c) is at the discretion of the employing agency.
7220,Intermediate Digital Communications (Media Arts) (Concentrator),"Arts, Media, and Entertainment",Career Technical Education,"Full Authorization:CTE: Arts, Media, and EntertainmentSingle Subject*: Industrial and Technology Education",*Use of flexibility afforded through Title 5 80004(c) is at the discretion of the employing agency.
7221,Advanced Digital Communications (Media Arts) (Capstone),"Arts, Media, and Entertainment",Career Technical Education,"Full Authorization:CTE: Arts, Media, and EntertainmentSingle Subject*: Industrial and Technology Education",*Use of flexibility afforded through Title 5 80004(c) is at the discretion of the employing agency.
7231,Intermediate Dance (Concentrator),"Arts, Media, and Entertainment",Career Technical Education,"Full Authorization:CTE: Arts, Media, and EntertainmentSingle Subject*: Industrial and Technology Education",*Use of flexibility afforded through Title 5 80004(c) is at the discretion of the employing agency.
7232,Advanced Dance (Capstone),"Arts, Media, and Entertainment",Career Technical Education,"Full Authorization:CTE: Arts, Media, and EntertainmentSingle Subject*: Industrial and Technology Education",*Use of flexibility afforded through Title 5 80004(c) is at the discretion of the employing agency.
7234,Intermediate Music and Recording Arts (Concentrator),"Arts, Media, and Entertainment",Career Technical Education,"Full Authorization:CTE: Arts, Media, and EntertainmentSingle Subject*: Industrial and Technology Education",*Use of flexibility afforded through Title 5 80004(c) is at the discretion of the employing agency.
7235,Advanced Music and Recording Arts (Capstone),"Arts, Media, and Entertainment",Career Technical Education,"Full Authorization:CTE: Arts, Media, and EntertainmentSingle Subject*: Industrial and Technology Education",*Use of flexibility afforded through Title 5 80004(c) is at the discretion of the employing agency.
7237,Intermediate Theatre (Concentrator),"Arts, Media, and Entertainment",Career Technical Education,"Full Authorization:CTE: Arts, Media, and EntertainmentSingle Subject*: Industrial and Technology Education",*Use of flexibility afforded through Title 5 80004(c) is at the discretion of the employing agency.
7238,Advanced Theatre (Capstone),"Arts, Media, and Entertainment",Career Technical Education,"Full Authorization:CTE: Arts, Media, and EntertainmentSingle Subject*: Industrial and Technology Education",*Use of flexibility afforded through Title 5 80004(c) is at the discretion of the employing agency.
7241,Intermediate Stage and Event Technology (Concentrator),"Arts, Media, and Entertainment",Career Technical Education,"Full Authorization:CTE: Arts, Media, and EntertainmentSingle Subject*: Industrial and Technology Education",*Use of flexibility afforded through Title 5 80004(c) is at the discretion of the employing agency.
7242,Advanced Stage and Event Technology (Capstone),"Arts, Media, and Entertainment",Career Technical Education,"Full Authorization:CTE: Arts, Media, and EntertainmentSingle Subject*: Industrial and Technology Education",*Use of flexibility afforded through Title 5 80004(c) is at the discretion of the employing agency.
7244,Intermediate Film and Television Production (Concentrator),"Arts, Media, and Entertainment",Career Technical Education,"Full Authorization:CTE: Arts, Media, and EntertainmentSingle Subject*: Industrial and Technology Education",*Use of flexibility afforded through Title 5 80004(c) is at the discretion of the employing agency.
7245,Advanced Film and Television Production (Capstone),"Arts, Media, and Entertainment",Career Technical Education,"Full Authorization:CTE: Arts, Media, and EntertainmentSingle Subject*: Industrial and Technology Education",*Use of flexibility afforded through Title 5 80004(c) is at the discretion of the employing agency.
7247,Intermediate Digital Communications (Audio/ Visual) (Concentrator),"Arts, Media, and Entertainment",Career Technical Education,"Full Authorization:CTE: Arts, Media, and EntertainmentSingle Subject*: Industrial and Technology Education",*Use of flexibility afforded through Title 5 80004(c) is at the discretion of the employing agency.
7249,Advanced Digital Communications (Audio/ Visual) (Capstone),"Arts, Media, and Entertainment",Career Technical Education,"Full Authorization:CTE: Arts, Media, and EntertainmentSingle Subject*: Industrial and Technology Education",*Use of flexibility afforded through Title 5 80004(c) is at the discretion of the employing agency.
7261,Intermediate Game Art and Production (Concentrator),"Arts, Media, and Entertainment",Career Technical Education,"Full Authorization:CTE: Arts, Media, and EntertainmentSingle Subject*: Industrial and Technology Education",*Use of flexibility afforded through Title 5 80004(c) is at the discretion of the employing agency.
7262,Advanced Game Art and Production (Capstone),"Arts, Media, and Entertainment",Career Technical Education,"Full Authorization:CTE: Arts, Media, and EntertainmentSingle Subject*: Industrial and Technology Education",*Use of flexibility afforded through Title 5 80004(c) is at the discretion of the employing agency.
7263,"Introduction to Performance, Music, and Live Events","Arts, Media, and Entertainment",Career Technical Education,"Full Authorization:CTE: Arts, Media, and EntertainmentSingle Subject*: Industrial and Technology Education",*Use of flexibility afforded through Title 5 80004(c) is at the discretion of the employing agency.
7300,Introduction to Building and Construction Trades,Building and Construction Trades,Career Technical Education,Full Authorization:CTE: Building and Construction TradesSingle Subject*: Industrial and Technology Education,*Use of flexibility afforded through Title 5 80004(c) is at the discretion of the employing agency.
7310,"Introduction to Cabinetry, Millwork, and Woodworking",Building and Construction Trades,Career Technical Education,Full Authorization:CTE: Building and Construction TradesSingle Subject*: Industrial and Technology Education,*Use of flexibility afforded through Title 5 80004(c) is at the discretion of the employing agency.
7311,"Intermediate Cabinetry, Millwork, and Woodworking (Concentrator)",Building and Construction Trades,Career Technical Education,Full Authorization:CTE: Building and Construction TradesSingle Subject*: Industrial and Technology Education,*Use of flexibility afforded through Title 5 80004(c) is at the discretion of the employing agency.
7312,"Advanced Cabinetry, Millwork, and Woodworking (Capstone)",Building and Construction Trades,Career Technical Education,Full Authorization:CTE: Building and Construction TradesSingle Subject*: Industrial and Technology Education,*Use of flexibility afforded through Title 5 80004(c) is at the discretion of the employing agency.
7320,Introduction to Engineering and Heavy Construction,Building and Construction Trades,Career Technical Education,Full Authorization:CTE: Building and Construction TradesSingle Subject*: Industrial and Technology Education,*Use of flexibility afforded through Title 5 80004(c) is at the discretion of the employing agency.
7321,Intermediate Engineering and Heavy Construction (Concentrator),Building and Construction Trades,Career Technical Education,Full Authorization:CTE: Building and Construction TradesSingle Subject*: Industrial and Technology Education,*Use of flexibility afforded through Title 5 80004(c) is at the discretion of the employing agency.
7322,Advanced Engineering and Heavy Construction (Capstone),Building and Construction Trades,Career Technical Education,Full Authorization:CTE: Building and Construction TradesSingle Subject*: Industrial and Technology Education,*Use of flexibility afforded through Title 5 80004(c) is at the discretion of the employing agency.
7330,Introduction to Mechanical Systems Installation and Repair,Building and Construction Trades,Career Technical Education,Full Authorization:CTE: Building and Construction TradesSingle Subject*: Industrial and Technology Education,*Use of flexibility afforded through Title 5 80004(c) is at the discretion of the employing agency.
7331,Intermediate Mechanical Systems Installation and Repair (Concentrator),Building and Construction Trades,Career Technical Education,Full Authorization:CTE: Building and Construction TradesSingle Subject*: Industrial and Technology Education,*Use of flexibility afforded through Title 5 80004(c) is at the discretion of the employing agency.
7332,Advanced Mechanical Systems Installation and Repair (Capstone),Building and Construction Trades,Career Technical Education,Full Authorization:CTE: Building and Construction TradesSingle Subject*: Industrial and Technology Education,*Use of flexibility afforded through Title 5 80004(c) is at the discretion of the employing agency.
7340,Introduction to Residential and Commercial Construction,Building and Construction Trades,Career Technical Education,Full Authorization:CTE: Building and Construction TradesSingle Subject*: Industrial and Technology Education,*Use of flexibility afforded through Title 5 80004(c) is at the discretion of the employing agency.
7341,Intermediate Residential and Commercial Construction (Concentrator),Building and Construction Trades,Career Technical Education,Full Authorization:CTE: Building and Construction TradesSingle Subject*: Industrial and Technology Education,*Use of flexibility afforded through Title 5 80004(c) is at the discretion of the employing agency.
7342,Advanced Residential and Commercial Construction (Capstone),Building and Construction Trades,Career Technical Education,Full Authorization:CTE: Building and Construction TradesSingle Subject*: Industrial and Technology Education,*Use of flexibility afforded through Title 5 80004(c) is at the discretion of the employing agency.
7400,Introduction to Business and Finance,Business and Finance,Career Technical Education,"Full Authorization:CTE: Business and Finance; Marketing, Sales and ServiceSingle Subject*: Business",*Use of flexibility afforded through Title 5 80004(c) is at the discretion of the employing agency.
7410,Intermediate Business Management Communication Technologies (Concentrator),Business and Finance,Career Technical Education,Full Authorization:CTE: Business and FinanceSingle Subject*: Business,*Use of flexibility afforded through Title 5 80004(c) is at the discretion of the employing agency.
7411,Intermediate Business Management Technologies (Concentrator),Business and Finance,Career Technical Education,Full Authorization:CTE: Business and FinanceSingle Subject*: Business,*Use of flexibility afforded through Title 5 80004(c) is at the discretion of the employing agency.
7412,Advanced Business Management Enterprise and Project Management (Capstone),Business and Finance,Career Technical Education,Full Authorization:CTE: Business and FinanceSingle Subject*: Business,*Use of flexibility afforded through Title 5 80004(c) is at the discretion of the employing agency.
7420,Intermediate Financial Services and Banking (Concentrator),Business and Finance,Career Technical Education,Full Authorization:CTE: Business and FinanceSingle Subject*: Business,*Use of flexibility afforded through Title 5 80004(c) is at the discretion of the employing agency.
7421,Intermediate Financial Services Management and Business Economics (Concentrator),Business and Finance,Career Technical Education,Full Authorization:CTE: Business and FinanceSingle Subject*: Business,*Use of flexibility afforded through Title 5 80004(c) is at the discretion of the employing agency.
7422,Advanced Financial Services  Business  Accounting (Capstone),Business and Finance,Career Technical Education,Full Authorization:CTE: Business and FinanceSingle Subject*: Business,*Use of flexibility afforded through Title 5 80004(c) is at the discretion of the employing agency.
7430,Intermediate International Business (Concentrator),Business and Finance,Career Technical Education,Full Authorization:CTE: Business and FinanceSingle Subject*: Business,*Use of flexibility afforded through Title 5 80004(c) is at the discretion of the employing agency.
7431,Intermediate International Business Communications (Concentrator),Business and Finance,Career Technical Education,Full Authorization:CTE: Business and FinanceSingle Subject*: Business,*Use of flexibility afforded through Title 5 80004(c) is at the discretion of the employing agency.
7432,Advanced International Business Enterprise (Capstone),Business and Finance,Career Technical Education,Full Authorization:CTE: Business and FinanceSingle Subject*: Business,*Use of flexibility afforded through Title 5 80004(c) is at the discretion of the employing agency.
7500,"Introduction to Education, Child Development, and Family Services","Education, Child Development, and Family Services",Career Technical Education,"Full Authorization:CTE: Education, Child Development, and Family ServicesSingle Subject*: Home Economics",*Use of flexibility afforded through Title 5 80004(c) is at the discretion of the employing agency.
7510,Intermediate Child Development (Concentrator),"Education, Child Development, and Family Services",Career Technical Education,"Full Authorization:CTE: Education, Child Development, and Family ServicesSingle Subject*: Home Economics",*Use of flexibility afforded through Title 5 80004(c) is at the discretion of the employing agency.
7511,Advanced Child Development (Capstone),"Education, Child Development, and Family Services",Career Technical Education,"Full Authorization:CTE: Education, Child Development, and Family ServicesSingle Subject*: Home Economics",*Use of flexibility afforded through Title 5 80004(c) is at the discretion of the employing agency.
7520,Intermediate Consumer Services (Concentrator),"Education, Child Development, and Family Services",Career Technical Education,"Full Authorization:CTE: Education, Child Development, and Family ServicesSingle Subject*: Home Economics",*Use of flexibility afforded through Title 5 80004(c) is at the discretion of the employing agency.
7521,Advanced Consumer Services (Capstone),"Education, Child Development, and Family Services",Career Technical Education,"Full Authorization:CTE: Education, Child Development, and Family ServicesSingle Subject*: Home Economics",*Use of flexibility afforded through Title 5 80004(c) is at the discretion of the employing agency.
7530,Intermediate Education (Concentrator),"Education, Child Development, and Family Services",Career Technical Education,"Full Authorization:CTE: Education, Child Development, and Family ServicesSingle Subject*: Home Economics",*Use of flexibility afforded through Title 5 80004(c) is at the discretion of the employing agency.
7531,Advanced Education (Capstone),"Education, Child Development, and Family Services",Career Technical Education,"Full Authorization:CTE: Education, Child Development, and Family ServicesSingle Subject*: Home Economics",*Use of flexibility afforded through Title 5 80004(c) is at the discretion of the employing agency.
7540,Intermediate Family and Human Services (Concentrator),"Education, Child Development, and Family Services",Career Technical Education,"Full Authorization:CTE: Education, Child Development, and Family ServicesSingle Subject*: Home Economics",*Use of flexibility afforded through Title 5 80004(c) is at the discretion of the employing agency.
7541,Advanced Family and Human Services (Capstone),"Education, Child Development, and Family Services",Career Technical Education,"Full Authorization:CTE: Education, Child Development, and Family ServicesSingle Subject*: Home Economics",*Use of flexibility afforded through Title 5 80004(c) is at the discretion of the employing agency.
7600,"Introduction to Energy, Environment, and Utilities","Energy, Environment, and Utilities",Career Technical Education,"Full Authorization:CTE: Energy, Environment, and UtilitiesSingle Subject*: Industrial and Technology Education",*Use of flexibility afforded through Title 5 80004(c) is at the discretion of the employing agency.
7610,Introduction to Environmental Resources,"Energy, Environment, and Utilities",Career Technical Education,"Full Authorization:CTE: Energy, Environment, and UtilitiesSingle Subject*: Industrial and Technology Education",*Use of flexibility afforded through Title 5 80004(c) is at the discretion of the employing agency.
7611,Intermediate Environmental Resources (Concentrator),"Energy, Environment, and Utilities",Career Technical Education,"Full Authorization:CTE: Energy, Environment, and UtilitiesSingle Subject*: Industrial and Technology Education",*Use of flexibility afforded through Title 5 80004(c) is at the discretion of the employing agency.
7612,Advanced Environmental Resources (Capstone),"Energy, Environment, and Utilities",Career Technical Education,"Full Authorization:CTE: Energy, Environment, and UtilitiesSingle Subject*: Industrial and Technology Education",*Use of flexibility afforded through Title 5 80004(c) is at the discretion of the employing agency.
7620,Introduction to Energy and Power Technology,"Energy, Environment, and Utilities",Career Technical Education,"Full Authorization:CTE: Energy, Environment, and UtilitiesSingle Subject*: Industrial and Technology Education",*Use of flexibility afforded through Title 5 80004(c) is at the discretion of the employing agency.
7621,Intermediate Energy and Power Technology (Concentrator),"Energy, Environment, and Utilities",Career Technical Education,"Full Authorization:CTE: Energy, Environment, and UtilitiesSingle Subject*: Industrial and Technology Education",*Use of flexibility afforded through Title 5 80004(c) is at the discretion of the employing agency.
7622,Advanced Energy and Power Technology (Capstone),"Energy, Environment, and Utilities",Career Technical Education,"Full Authorization:CTE: Energy, Environment, and UtilitiesSingle Subject*: Industrial and Technology Education",*Use of flexibility afforded through Title 5 80004(c) is at the discretion of the employing agency.
7630,Introduction to Telecommunications,"Energy, Environment, and Utilities",Career Technical Education,"Full Authorization:CTE: Energy, Environment, and UtilitiesSingle Subject*: Industrial and Technology Education",*Use of flexibility afforded through Title 5 80004(c) is at the discretion of the employing agency.
7631,Intermediate Telecommunications (Concentrator),"Energy, Environment, and Utilities",Career Technical Education,"Full Authorization:CTE: Energy, Environment, and UtilitiesSingle Subject*: Industrial and Technology Education",*Use of flexibility afforded through Title 5 80004(c) is at the discretion of the employing agency.
7632,Advanced Telecommunications (Capstone),"Energy, Environment, and Utilities",Career Technical Education,"Full Authorization:CTE: Energy, Environment, and UtilitiesSingle Subject*: Industrial and Technology Education",*Use of flexibility afforded through Title 5 80004(c) is at the discretion of the employing agency.
7700,Introduction to Engineering and Architecture,Engineering and Architecture,Career Technical Education,Full Authorization:CTE: Engineering and ArchitectureSingle Subject*: Industrial and Technology Education,*Use of flexibility afforded through Title 5 80004(c) is at the discretion of the employing agency.
7710,Intermediate Architectural Design (Concentrator),Engineering and Architecture,Career Technical Education,Full Authorization:CTE: Engineering and ArchitectureSingle Subject*: Industrial and Technology Education,*Use of flexibility afforded through Title 5 80004(c) is at the discretion of the employing agency.
7711,Advanced Architectural Design (Capstone),Engineering and Architecture,Career Technical Education,Full Authorization:CTE: Engineering and ArchitectureSingle Subject*: Industrial and Technology Education,*Use of flexibility afforded through Title 5 80004(c) is at the discretion of the employing agency.
7720,Intermediate Engineering Technology (Concentrator),Engineering and Architecture,Career Technical Education,Full Authorization:CTE: Engineering and ArchitectureSingle Subject*: Industrial and Technology Education,*Use of flexibility afforded through Title 5 80004(c) is at the discretion of the employing agency.
7721,Advanced Engineering Technology (Capstone),Engineering and Architecture,Career Technical Education,Full Authorization:CTE: Engineering and ArchitectureSingle Subject*: Industrial and Technology Education,*Use of flexibility afforded through Title 5 80004(c) is at the discretion of the employing agency.
7730,Intermediate Engineering Design (Concentrator),Engineering and Architecture,Career Technical Education,Full Authorization:CTE: Engineering and ArchitectureSingle Subject*: Industrial and Technology Education,*Use of flexibility afforded through Title 5 80004(c) is at the discretion of the employing agency.
7731,Advanced Engineering Design (Capstone),Engineering and Architecture,Career Technical Education,Full Authorization:CTE: Engineering and ArchitectureSingle Subject*: Industrial and Technology Education,*Use of flexibility afforded through Title 5 80004(c) is at the discretion of the employing agency.
7740,Intermediate Environmental Engineering (Concentrator),Engineering and Architecture,Career Technical Education,Full Authorization:CTE: Engineering and ArchitectureSingle Subject*: Industrial and Technology Education,*Use of flexibility afforded through Title 5 80004(c) is at the discretion of the employing agency.
7741,Advanced Environmental Engineering (Capstone),Engineering and Architecture,Career Technical Education,Full Authorization:CTE: Engineering and ArchitectureSingle Subject*: Industrial and Technology Education,*Use of flexibility afforded through Title 5 80004(c) is at the discretion of the employing agency.
7800,Introduction to Fashion and Interior Design,Fashion and Interior Design,Career Technical Education,Full Authorization:CTE: Fashion and Interior DesignSingle Subject*: Home Economics,*Use of flexibility afforded through Title 5 80004(c) is at the discretion of the employing agency.
7810,Intermediate Fashion Design and Merchandising (Concentrator),Fashion and Interior Design,Career Technical Education,Full Authorization:CTE: Fashion and Interior DesignSingle Subject*: Home Economics,*Use of flexibility afforded through Title 5 80004(c) is at the discretion of the employing agency.
7811,Advanced Fashion Design and Merchandising (Capstone),Fashion and Interior Design,Career Technical Education,Full Authorization:CTE: Fashion and Interior DesignSingle Subject*: Home Economics,*Use of flexibility afforded through Title 5 80004(c) is at the discretion of the employing agency.
7820,Intermediate Interior Design (Concentrator),Fashion and Interior Design,Career Technical Education,Full Authorization:CTE: Fashion and Interior DesignSingle Subject*: Home Economics,*Use of flexibility afforded through Title 5 80004(c) is at the discretion of the employing agency.
7821,Advanced Interior Design (Capstone),Fashion and Interior Design,Career Technical Education,Full Authorization:CTE: Fashion and Interior DesignSingle Subject*: Home Economics,*Use of flexibility afforded through Title 5 80004(c) is at the discretion of the employing agency.
7830,Intermediate Makeup Artistry (Level 1) (Concentrator),Fashion and Interior Design,Career Technical Education,Full Authorization:CTE: Fashion and Interior DesignSingle Subject*: Home Economics,*Use of flexibility afforded through Title 5 80004(c) is at the discretion of the employing agency.
7831,Advanced Makeup Artistry (Level 2) (Capstone),Fashion and Interior Design,Career Technical Education,Full Authorization:CTE: Fashion and Interior DesignSingle Subject*: Home Economics,*Use of flexibility afforded through Title 5 80004(c) is at the discretion of the employing agency.
7832,Introduction to Barbering,Fashion and Interior Design,Career Technical Education,Full Authorization:CTE: Fashion and Interior DesignSingle Subject*: Home Economics,*Use of flexibility afforded through Title 5 80004(c) is at the discretion of the employing agency.
7833,Intermediate Level 2 Barbering (Concentrator),Fashion and Interior Design,Career Technical Education,Full Authorization:CTE: Fashion and Interior DesignSingle Subject*: Home Economics,*Use of flexibility afforded through Title 5 80004(c) is at the discretion of the employing agency.
7834,Intermediate Level 3 Barbering (Concentrator),Fashion and Interior Design,Career Technical Education,Full Authorization:CTE: Fashion and Interior DesignSingle Subject*: Home Economics,*Use of flexibility afforded through Title 5 80004(c) is at the discretion of the employing agency.
7835,Advanced Level 4 Barbering  (Capstone),Fashion and Interior Design,Career Technical Education,Full Authorization:CTE: Fashion and Interior DesignSingle Subject*: Home Economics,*Use of flexibility afforded through Title 5 80004(c) is at the discretion of the employing agency.
7836,Introduction to Cosmetology,Fashion and Interior Design,Career Technical Education,Full Authorization:CTE: Fashion and Interior DesignSingle Subject*: Home Economics,*Use of flexibility afforded through Title 5 80004(c) is at the discretion of the employing agency.
7837,Intermediate Level 2 Cosmetology (Concentrator),Fashion and Interior Design,Career Technical Education,Full Authorization:CTE: Fashion and Interior DesignSingle Subject*: Home Economics,*Use of flexibility afforded through Title 5 80004(c) is at the discretion of the employing agency.
7838,Intermediate Level 3 Cosmetology (Concentrator),Fashion and Interior Design,Career Technical Education,Full Authorization:CTE: Fashion and Interior DesignSingle Subject*: Home Economics,*Use of flexibility afforded through Title 5 80004(c) is at the discretion of the employing agency.
7839,Advanced Level 4 Cosmetology,Fashion and Interior Design,Career Technical Education,Full Authorization:CTE: Fashion and Interior DesignSingle Subject*: Home Economics,*Use of flexibility afforded through Title 5 80004(c) is at the discretion of the employing agency.
7840,Intermediate Level 1 Manicuring (Concentrator),Fashion and Interior Design,Career Technical Education,Full Authorization:CTE: Fashion and Interior DesignSingle Subject*: Home Economics,*Use of flexibility afforded through Title 5 80004(c) is at the discretion of the employing agency.
7841,Advanced Level 2 Manicuring (Capstone),Fashion and Interior Design,Career Technical Education,Full Authorization:CTE: Fashion and Interior DesignSingle Subject*: Home Economics,*Use of flexibility afforded through Title 5 80004(c) is at the discretion of the employing agency.
7900,Introduction to Health Science and Medical Technology,Health Science and Medical Technology,Career Technical Education,Full Authorization:CTE: Health Science and Medical Technology,
7910,Introduction to Biotechnology,Health Science and Medical Technology,Career Technical Education,Full Authorization:CTE: Health Science and Medical Technology,
7911,Intermediate Biotechnology (Concentrator),Health Science and Medical Technology,Career Technical Education,Full Authorization:CTE: Health Science and Medical Technology,
7912,Advanced Biotechnology (Capstone),Health Science and Medical Technology,Career Technical Education,Full Authorization:CTE: Health Science and Medical Technology,
7920,Introduction to Patient Care,Health Science and Medical Technology,Career Technical Education,Full Authorization:CTE: Health Science and Medical Technology,
7921,Intermediate Patient Care (Concentrator),Health Science and Medical Technology,Career Technical Education,Full Authorization:CTE: Health Science and Medical Technology,
7922,Advanced Patient Care (Capstone),Health Science and Medical Technology,Career Technical Education,Full Authorization:CTE: Health Science and Medical Technology,
7930,Introduction to Healthcare Administrative Services,Health Science and Medical Technology,Career Technical Education,Full Authorization:CTE: Health Science and Medical Technology,
7931,Intermediate Healthcare Administrative Services (Concentrator),Health Science and Medical Technology,Career Technical Education,Full Authorization:CTE: Health Science and Medical Technology,
7932,Advanced Healthcare Administrative Services (Capstone),Health Science and Medical Technology,Career Technical Education,Full Authorization:CTE: Health Science and Medical Technology,
7940,Introduction to Healthcare Operational Support Services,Health Science and Medical Technology,Career Technical Education,Full Authorization:CTE: Health Science and Medical Technology,
7941,Intermediate Healthcare Operational Support (Concentrator),Health Science and Medical Technology,Career Technical Education,Full Authorization:CTE: Health Science and Medical Technology,
7942,Advanced Healthcare Operational Support (Capstone),Health Science and Medical Technology,Career Technical Education,Full Authorization:CTE: Health Science and Medical Technology,
7950,Introduction to Public and Community Health,Health Science and Medical Technology,Career Technical Education,Full Authorization:CTE: Health Science and Medical Technology,
7951,Intermediate Public and Community Health (Concentrator),Health Science and Medical Technology,Career Technical Education,Full Authorization:CTE: Health Science and Medical Technology,
7952,Advanced Public and Community Health (Capstone),Health Science and Medical Technology,Career Technical Education,Full Authorization:CTE: Health Science and Medical Technology,
7960,Introduction to Mental and Behavioral Health,Health Science and Medical Technology,Career Technical Education,Full Authorization:CTE: Health Science and Medical Technology,
7961,Intermediate Mental and Behavioral Health (Concentrator),Health Science and Medical Technology,Career Technical Education,Full Authorization:CTE: Health Science and Medical Technology,
7962,Advanced Mental and Behavioral Health (Capstone),Health Science and Medical Technology,Career Technical Education,Full Authorization:CTE: Health Science and Medical Technology,
8000,"Introduction to Hospitality, Tourism, and Recreation","Hospitality, Tourism, and Recreation",Career Technical Education,"Full Authorization:CTE: Hospitality, Tourism, and RecreationSingle Subject*: Home Economics",*Use of flexibility afforded through Title 5 80004(c) is at the discretion of the employing agency.
8010,"Intermediate Food Science, Dietetics, and Nutrition (Concentrator)","Hospitality, Tourism, and Recreation",Career Technical Education,"Full Authorization:CTE: Hospitality, Tourism, and RecreationSingle Subject*: Home Economics",*Use of flexibility afforded through Title 5 80004(c) is at the discretion of the employing agency.
8011,"Advanced Food Science, Dietetics, and Nutrition (Capstone)","Hospitality, Tourism, and Recreation",Career Technical Education,"Full Authorization:CTE: Hospitality, Tourism, and RecreationSingle Subject*: Home Economics",*Use of flexibility afforded through Title 5 80004(c) is at the discretion of the employing agency.
8020,Intermediate Food Service and Hospitality (Concentrator),"Hospitality, Tourism, and Recreation",Career Technical Education,"Full Authorization:CTE: Hospitality, Tourism, and RecreationSingle Subject*: Home Economics",*Use of flexibility afforded through Title 5 80004(c) is at the discretion of the employing agency.
8021,Advanced Food Service and Hospitality (Capstone),"Hospitality, Tourism, and Recreation",Career Technical Education,"Full Authorization:CTE: Hospitality, Tourism, and RecreationSingle Subject*: Home Economics",*Use of flexibility afforded through Title 5 80004(c) is at the discretion of the employing agency.
8030,"Intermediate Hospitality, Tourism and Recreation (Concentrator)","Hospitality, Tourism, and Recreation",Career Technical Education,"Full Authorization:CTE: Hospitality, Tourism, and RecreationSingle Subject*: Home Economics",*Use of flexibility afforded through Title 5 80004(c) is at the discretion of the employing agency.
8031,"Advanced Hospitality, Tourism and Recreation (Capstone)","Hospitality, Tourism, and Recreation",Career Technical Education,"Full Authorization:CTE: Hospitality, Tourism, and RecreationSingle Subject*: Home Economics",*Use of flexibility afforded through Title 5 80004(c) is at the discretion of the employing agency.
8100,Introduction to Information and Communication Technologies,Information and Communication Technology,Career Technical Education,Full Authorization:CTE: Information and Communication TechnologiesSingle Subject*: Business; Industrial and Technology Education,*Use of flexibility afforded through Title 5 80004(c) is at the discretion of the employing agency.
8110,Introduction to Information Support Services,Information and Communication Technology,Career Technical Education,Full Authorization:CTE: Information and Communication TechnologiesSingle Subject*: Business; Industrial and Technology Education,*Use of flexibility afforded through Title 5 80004(c) is at the discretion of the employing agency.
8111,Intermediate Information Support Services (Concentrator),Information and Communication Technology,Career Technical Education,Full Authorization:CTE: Information and Communication TechnologiesSingle Subject*: Business; Industrial and Technology Education,*Use of flexibility afforded through Title 5 80004(c) is at the discretion of the employing agency.
8112,Advanced Information Support Services (Capstone),Information and Communication Technology,Career Technical Education,Full Authorization:CTE: Information and Communication TechnologiesSingle Subject*: Business; Industrial and Technology Education,*Use of flexibility afforded through Title 5 80004(c) is at the discretion of the employing agency.
8120,Introduction to Networking,Information and Communication Technology,Career Technical Education,Full Authorization:CTE: Information and Communication TechnologiesSingle Subject*: Business; Industrial and Technology Education,*Use of flexibility afforded through Title 5 80004(c) is at the discretion of the employing agency.
8121,Intermediate Networking (Concentrator),Information and Communication Technology,Career Technical Education,Full Authorization:CTE: Information and Communication TechnologiesSingle Subject*: Business; Industrial and Technology Education,*Use of flexibility afforded through Title 5 80004(c) is at the discretion of the employing agency.
8122,Advanced Networking (Capstone),Information and Communication Technology,Career Technical Education,Full Authorization:CTE: Information and Communication TechnologiesSingle Subject*: Business; Industrial and Technology Education,*Use of flexibility afforded through Title 5 80004(c) is at the discretion of the employing agency.
8130,Introduction to Systems Programming,Information and Communication Technology,Career Technical Education,Full Authorization:CTE: Information and Communication TechnologiesSingle Subject*: Business; Industrial and Technology Education,*Use of flexibility afforded through Title 5 80004(c) is at the discretion of the employing agency.
8131,Intermediate Systems Programming (Concentrator),Information and Communication Technology,Career Technical Education,Full Authorization:CTE: Information and Communication TechnologiesSingle Subject*: Business; Industrial and Technology Education,*Use of flexibility afforded through Title 5 80004(c) is at the discretion of the employing agency.
8132,Advanced Systems Programming (Capstone),Information and Communication Technology,Career Technical Education,Full Authorization:CTE: Information and Communication TechnologiesSingle Subject*: Business; Industrial and Technology Education,*Use of flexibility afforded through Title 5 80004(c) is at the discretion of the employing agency.
8133,Introduction to Web and Social Media Programming and Design,Information and Communication Technology,Career Technical Education,Full Authorization:CTE: Information and Communication TechnologiesSingle Subject*: Business; Industrial and Technology Education,*Use of flexibility afforded through Title 5 80004(c) is at the discretion of the employing agency.
8134,Intermediate Web and Social Media Programming and Design (Concentrator),Information and Communication Technology,Career Technical Education,Full Authorization:CTE: Information and Communication TechnologiesSingle Subject*: Business; Industrial and Technology Education,*Use of flexibility afforded through Title 5 80004(c) is at the discretion of the employing agency.
8135,Advanced Web and Social Media Programming and Design (Capstone),Information and Communication Technology,Career Technical Education,Full Authorization:CTE: Information and Communication TechnologiesSingle Subject*: Business; Industrial and Technology Education,*Use of flexibility afforded through Title 5 80004(c) is at the discretion of the employing agency.
8140,Introduction to Games and Simulation,Information and Communication Technology,Career Technical Education,Full Authorization:CTE: Information and Communication TechnologiesSingle Subject*: Business; Industrial and Technology Education,*Use of flexibility afforded through Title 5 80004(c) is at the discretion of the employing agency.
8141,Intermediate Games and Simulation (Concentrator),Information and Communication Technology,Career Technical Education,Full Authorization:CTE: Information and Communication TechnologiesSingle Subject*: Business; Industrial and Technology Education,*Use of flexibility afforded through Title 5 80004(c) is at the discretion of the employing agency.
8142,Advanced Games and Simulation (Capstone),Information and Communication Technology,Career Technical Education,Full Authorization:CTE: Information and Communication TechnologiesSingle Subject*: Business; Industrial and Technology Education,*Use of flexibility afforded through Title 5 80004(c) is at the discretion of the employing agency.
8200,Introduction to Manufacturing and Product Development,Manufacturing and Product Development,Career Technical Education,Full Authorization:CTE: Manufacturing and Product DevelopmentSingle Subject*: Industrial and Technology Education,*Use of flexibility afforded through Title 5 80004(c) is at the discretion of the employing agency.
8210,Intermediate Graphic Production Technologies (Concentrator),Manufacturing and Product Development,Career Technical Education,Full Authorization:CTE: Manufacturing and Product DevelopmentSingle Subject*: Industrial and Technology Education,*Use of flexibility afforded through Title 5 80004(c) is at the discretion of the employing agency.
8211,Advanced Graphic Production Technologies (Capstone),Manufacturing and Product Development,Career Technical Education,Full Authorization:CTE: Manufacturing and Product DevelopmentSingle Subject*: Industrial and Technology Education,*Use of flexibility afforded through Title 5 80004(c) is at the discretion of the employing agency.
8220,Intermediate Machining and Forming Technologies (Concentrator),Manufacturing and Product Development,Career Technical Education,Full Authorization:CTE: Manufacturing and Product DevelopmentSingle Subject*: Industrial and Technology Education,*Use of flexibility afforded through Title 5 80004(c) is at the discretion of the employing agency.
8221,Advanced Machining and Forming Technologies (Capstone),Manufacturing and Product Development,Career Technical Education,Full Authorization:CTE: Manufacturing and Product DevelopmentSingle Subject*: Industrial and Technology Education,*Use of flexibility afforded through Title 5 80004(c) is at the discretion of the employing agency.
8230,Intermediate Welding and Materials Joining (Concentrator),Manufacturing and Product Development,Career Technical Education,Full Authorization:CTE: Manufacturing and Product DevelopmentSingle Subject*: Industrial and Technology Education,*Use of flexibility afforded through Title 5 80004(c) is at the discretion of the employing agency.
8231,Advanced Welding and Materials Joining (Capstone),Manufacturing and Product Development,Career Technical Education,Full Authorization:CTE: Manufacturing and Product DevelopmentSingle Subject*: Industrial and Technology Education,*Use of flexibility afforded through Title 5 80004(c) is at the discretion of the employing agency.
8240,Intermediate Product Innovation and Design (Concentrator),Manufacturing and Product Development,Career Technical Education,Full Authorization:CTE: Manufacturing and Product DevelopmentSingle Subject*: Industrial and Technology Education,*Use of flexibility afforded through Title 5 80004(c) is at the discretion of the employing agency.
8241,Advanced Product Innovation and Design (Capstone),Manufacturing and Product Development,Career Technical Education,Full Authorization:CTE: Manufacturing and Product DevelopmentSingle Subject*: Industrial and Technology Education,*Use of flexibility afforded through Title 5 80004(c) is at the discretion of the employing agency.
8300,"Introduction to Marketing, Sales, and Service","Marketing, Sales, and Service",Career Technical Education,"Full Authorization:CTE: Marketing, Sales, and ServiceSingle Subject*: Business",*Use of flexibility afforded through Title 5 80004(c) is at the discretion of the employing agency.
8310,Intermediate Marketing (Concentrator),"Marketing, Sales, and Service",Career Technical Education,"Full Authorization:CTE: Marketing, Sales, and ServiceSingle Subject*: Business",*Use of flexibility afforded through Title 5 80004(c) is at the discretion of the employing agency.
8311,Advanced Marketing (Capstone),"Marketing, Sales, and Service",Career Technical Education,"Full Authorization:CTE: Marketing, Sales, and ServiceSingle Subject*: Business",*Use of flexibility afforded through Title 5 80004(c) is at the discretion of the employing agency.
8320,Intermediate Professional Sales (Concentrator),"Marketing, Sales, and Service",Career Technical Education,"Full Authorization:CTE: Marketing, Sales, and ServiceSingle Subject*: Business",*Use of flexibility afforded through Title 5 80004(c) is at the discretion of the employing agency.
8321,Advanced Professional Sales (Capstone),"Marketing, Sales, and Service",Career Technical Education,"Full Authorization:CTE: Marketing, Sales, and ServiceSingle Subject*: Business",*Use of flexibility afforded through Title 5 80004(c) is at the discretion of the employing agency.
8330,Entrepreneurship/ Self-Employment  (Concentrator),"Marketing, Sales, and Service",Career Technical Education,"Full Authorization:CTE: Marketing, Sales, and ServiceSingle Subject*: Business",*Use of flexibility afforded through Title 5 80004(c) is at the discretion of the employing agency.
8331,Advanced Entrepreneurship/ Self-Employment (Capstone),"Marketing, Sales, and Service",Career Technical Education,"Full Authorization:CTE: Marketing, Sales, and ServiceSingle Subject*: Business",*Use of flexibility afforded through Title 5 80004(c) is at the discretion of the employing agency.
8400,Introduction to Public Services,Public Service,Career Technical Education,Full Authorization:CTE: Public Service,
8410,Introduction to Public Safety (Introduction),Public Service,Career Technical Education,Full Authorization:CTE: Public Service,
8411,Intermediate Public Safety (Concentration),Public Service,Career Technical Education,Full Authorization:CTE: Public Service,
8412,Advanced Public Safety (Capstone),Public Service,Career Technical Education,Full Authorization:CTE: Public Service,
8420,Introduction to Emergency Response (Introduction),Public Service,Career Technical Education,Full Authorization:CTE: Public Service,
8421,Intermediate Emergency Response (Concentration),Public Service,Career Technical Education,Full Authorization:CTE: Public Service,
8422,Advanced Emergency Response (Capstone),Public Service,Career Technical Education,Full Authorization:CTE: Public Service,
8430,Introduction to Legal Practices (Introduction),Public Service,Career Technical Education,Full Authorization:CTE: Public Service,
8431,Intermediate Legal Practices (Concentration),Public Service,Career Technical Education,Full Authorization:CTE: Public Service,
8432,Advanced Legal Practices (Capstone),Public Service,Career Technical Education,Full Authorization:CTE: Public Service,
8500,Introduction to Transportation,Transportation,Career Technical Education,Full Authorization:CTE: TransportationSingle Subject*: Industrial and Technology Education,*Use of flexibility afforded through Title 5 80004(c) is at the discretion of the employing agency.
8510,Introduction to Operations,Transportation,Career Technical Education,Full Authorization:CTE: TransportationSingle Subject*: Industrial and Technology Education,*Use of flexibility afforded through Title 5 80004(c) is at the discretion of the employing agency.
8511,Intermediate Operations (Concentrator),Transportation,Career Technical Education,Full Authorization:CTE: TransportationSingle Subject*: Industrial and Technology Education,*Use of flexibility afforded through Title 5 80004(c) is at the discretion of the employing agency.
8512,Advanced Operations (Capstone),Transportation,Career Technical Education,Full Authorization:CTE: TransportationSingle Subject*: Industrial and Technology Education,*Use of flexibility afforded through Title 5 80004(c) is at the discretion of the employing agency.
8520,Introduction to Structural Repair and Refinishing,Transportation,Career Technical Education,Full Authorization:CTE: TransportationSingle Subject*: Industrial and Technology Education,*Use of flexibility afforded through Title 5 80004(c) is at the discretion of the employing agency.
8521,Intermediate Structural Repair and Refinishing (Concentrator),Transportation,Career Technical Education,Full Authorization:CTE: TransportationSingle Subject*: Industrial and Technology Education,*Use of flexibility afforded through Title 5 80004(c) is at the discretion of the employing agency.
8522,Advanced Structural Repair and Refinishing  (Capstone),Transportation,Career Technical Education,Full Authorization:CTE: TransportationSingle Subject*: Industrial and Technology Education,*Use of flexibility afforded through Title 5 80004(c) is at the discretion of the employing agency.
8530,"Introduction to Systems Diagnostics, Service, and Repair",Transportation,Career Technical Education,Full Authorization:CTE: TransportationSingle Subject*: Industrial and Technology Education,*Use of flexibility afforded through Title 5 80004(c) is at the discretion of the employing agency.
8531,"Intermediate Systems Diagnostics, Service, and Repair (Concentrator)",Transportation,Career Technical Education,Full Authorization:CTE: TransportationSingle Subject*: Industrial and Technology Education,*Use of flexibility afforded through Title 5 80004(c) is at the discretion of the employing agency.
8532,"Advanced Systems Diagnostics, Service, and Repair  (Capstone)",Transportation,Career Technical Education,Full Authorization:CTE: TransportationSingle Subject*: Industrial and Technology Education,*Use of flexibility afforded through Title 5 80004(c) is at the discretion of the employing agency.
9000-01,Visual Art - Advertising Design/ Commercial Art,Art,General Education,Full Authorization:Single Subject: ArtSpecific Supplementary Auth: Graphic ArtsLimited Authorization:Supplementary Auth: ArtIntro Supplementary Auth: Introductory ArtIntro Subject Matter Auth: Introductory Art,
9000-02,Visual Art - Ceramics,Art,General Education,Full Authorization:Single Subject: ArtSpecific Supplementary Auth: Crafts Including Jewelry and Ceramics (Art)Limited Authorization:Supplementary Auth: ArtIntro Supplementary Auth: Introductory ArtIntro Subject Matter Auth: Introductory Art,
9000-03,Visual Art - Crafts,Art,General Education,Full Authorization:Single Subject: ArtSpecific Supplementary Auth: Crafts Including Jewelry and Ceramics (Art)Limited Authorization:Supplementary Auth: ArtIntro Supplementary Auth: Introductory ArtIntro Subject Matter Auth: Introductory Art,
9000-04,Visual Art - Design,Art,General Education,Full Authorization:Single Subject: ArtSpecific Supplementary Auth: Graphic ArtsLimited Authorization:Supplementary Auth: ArtIntro Supplementary Auth: Introductory ArtIntro Subject Matter Auth: Introductory Art,
9000-05,Visual Art - Digital Art,Art,General Education,Full Authorization:Single Subject: ArtSpecific Supplementary Auth: Graphic ArtsLimited Authorization:Supplementary Auth: ArtIntro Supplementary Auth: Introductory ArtIntro Subject Matter Auth: Introductory Art,
9000-06,Visual Art - Drawing,Art,General Education,Full Authorization:Single Subject: ArtSpecific Supplementary Auth: Painting and DrawingSpecific Subject Matter Auth: Two- Dimensional ArtLimited Authorization:Supplementary Auth: ArtIntro Supplementary Auth: Introductory ArtIntro Subject Matter Auth: Introductory Art,
9000-07,Visual Art - Fashion Design,Art,General Education,Full Authorization:Single Subject: Art; Home EconomicsSpecific Supplementary Auth: Clothing and Textiles (Home Economics)Limited Authorization:Supplementary Auth: Art; Home EconomicsIntro Supplementary Auth: Introductory Art; Introductory Home EconomicsIntro Subject Matter Auth: Introductory Art,
9000-08,Visual Art - Fiber and Textile Design,Art,General Education,Full Authorization:Single Subject: Art; Home EconomicsSpecific Supplementary Auth: Clothing and Textiles (Home Economics)Limited Authorization:Supplementary Auth: Art; Home EconomicsIntro Supplementary Auth: Introductory Art; Introductory Home EconomicsIntro Subject Matter Auth: Introductory Art,
9000-09,Visual Art - Folk Art,Art,General Education,Full Authorization:Single Subject: ArtLimited Authorization:Supplementary Auth: ArtIntro Supplementary Auth: Introductory ArtIntro Subject Matter Auth: Introductory Art,
9000-10,Visual Art - Jewelry,Art,General Education,Full Authorization:Single Subject: ArtSpecific Supplementary Auth: Crafts Including Jewelry and Ceramics (Art)Limited Authorization:Supplementary Auth: ArtIntro Supplementary Auth: Introductory ArtIntro Subject Matter Auth: Introductory Art,
9000-11,Visual Art - Lettering/ Calligraphy,Art,General Education,Full Authorization:Single Subject: ArtLimited Authorization:Supplementary Auth: ArtIntro Supplementary Auth: Introductory ArtIntro Subject Matter Auth: Introductory Art,
9000-12,Visual Art - Moving Image,Art,General Education,Full Authorization:Single Subject: Industrial and Technology EducationLimited Authorization:Supplementary Auth: Industrial ArtsIntro Supplementary Auth: Introductory Industrial Arts,
9000-13,Visual Art - Painting,Art,General Education,Full Authorization:Single Subject: ArtSpecific Supplementary Auth: Painting and DrawingSpecific Subject Matter Auth: Two- Dimensional ArtLimited Authorization:Supplementary Auth: ArtIntro Supplementary Auth: Introductory ArtIntro Subject Matter Auth: Introductory Art,
9000-14,Visual Art - Photography,Art,General Education,Full Authorization:Single Subject: Art; Industrial and Technology EducationSpecific Supplementary Auth: PhotographySpecific Subject Matter Auth: Photography; Two- Dimensional ArtLimited Authorization:Supplementary Auth: Art; Industrial ArtsIntro Supplementary Auth: Introductory Art; Introductory Industrial ArtsIntro Subject Matter Auth: Introductory Art,
9000-15,Visual Art - Printmaking,Art,General Education,Full Authorization:Single Subject: ArtSpecific Subject Matter Auth: Two- Dimensional ArtLimited Authorization:Supplementary Auth: ArtIntro Supplementary Auth: Introductory ArtIntro Subject Matter Auth: Introductory Art,
9000-16,Visual Art - Sculpture,Art,General Education,Full Authorization:Single Subject: ArtSpecific Subject Matter Auth: Three- Dimensional ArtLimited Authorization:Supplementary Auth: ArtIntro Supplementary Auth: Introductory ArtIntro Subject Matter Auth: Introductory Art,
9000-NA,Visual Art - Multiple or Not Applicable,Art,General Education,Full Authorization:Single Subject: ArtLimited Authorization:Supplementary Auth: ArtIntro Supplementary Auth: Introductory ArtIntro Subject Matter Auth: Introductory Art,
9001,Art History,Art,General Education,Full Authorization:Single Subject: ArtSpecific Subject Matter Auth: Art History/ AppreciationLimited Authorization:Supplementary Auth: ArtIntro Supplementary Auth: Introductory ArtIntro Subject Matter Auth: Introductory Art,
9002,Advanced Placement (AP) Studio Art:3-D Design,Art,General Education,Full Authorization:Single Subject: ArtSpecific Subject Matter Auth: Three- Dimensional Art,
9003,Advanced Placement (AP)  Studio Art: 2-D Design,Art,General Education,Full Authorization:Single Subject: ArtSpecific Supplementary Auth: Graphic Arts; Painting and DrawingSpecific Subject Matter Auth: Art History/ Appreciation; Two- Dimensional Art,
9004,Advanced Placement (AP)  Studio Art: Drawing,Art,General Education,Full Authorization:Single Subject: ArtSpecific Supplementary Auth: Painting and Drawing,
9005,Advanced Placement (AP)  Art History,Art,General Education,Full Authorization:Single Subject: ArtSpecific Subject Matter Auth: Art History/ Appreciation,
9006,International Baccalaureate Middle Years Programme (IB MYP) Visual Arts,Art,General Education,Full Authorization:Single Subject: ArtLimited Authorization:Supplementary Auth: ArtIntro Supplementary Auth: Introductory ArtIntro Subject Matter Auth: Introductory Art,
9007,International Baccalaureate (IB) Visual Arts,Art,General Education,Full Authorization:Single Subject: ArtLimited Authorization:Supplementary Auth: Art,
9020,College Credit Course - Visual Arts,Art,General Education,Full Authorization:Single Subject: ArtLimited Authorization:Supplementary Auth: Art,
9021,Pre-AP Visual Arts,Art,General Education,Full Authorization:Single Subject: ArtLimited Authorization:Supplementary Auth: ArtIntro Supplementary Auth: Introductory ArtIntro Subject Matter Auth: Introductory Art,
9022,Art Appreciation K-12,Art,General Education,Full Authorization:Single Subject: ArtSpecific Subject Matter Auth: Art History/ AppreciationLimited Authorization:Supplementary Auth: ArtIntro Supplementary Auth: Introductory ArtIntro Subject Matter Auth: Introductory Art,
9051-01,Business - Accounting,Business,General Education,Full Authorization:Single Subject: BusinessSpecific Supplementary Auth: Accounting including FinanceLimited Authorization:Supplementary Auth: BusinessIntro Supplementary Auth: Introductory Business,
9051-02,Business - Communications,Business,General Education,Full Authorization:Single Subject: BusinessSpecific Supplementary Auth: Office Technologies inc. Word Processing &amp; Business CommunicationLimited Authorization:Supplementary Auth: BusinessIntro Supplementary Auth: Introductory Business,
9051-03,Business - Computer Concepts and Applications,Business,General Education,Full Authorization:Single Subject: Business; Mathematics; Industrial and Technology EducationSpecific Supplementary Auth: Office Technologies inc. Word Processing &amp; Business CommunicationLimited Authorization:Supplementary Auth: Business; Industrial ArtsIntro Supplementary Auth: Introductory Business; Introductory Industrial Arts,
9051-04,Business - Consumer Education,Business,General Education,Full Authorization:Single Subject: BusinessSpecific Supplementary Auth: Economics and Consumer EducationLimited Authorization:Supplementary Auth: BusinessIntro Supplementary Auth: Introductory Business,
9051-05,Business - Data Processing,Business,General Education,Full Authorization:Single Subject: BusinessLimited Authorization:Supplementary Auth: BusinessIntro Supplementary Auth: Introductory Business,
9051-06,Business - Economics,Business,General Education,Full Authorization:Single Subject: Business; Social ScienceSpecific Supplementary Auth: Economics; Economics and Consumer EducationSpecific Subject Matter Auth: Economics (Social Science)Limited Authorization:Supplementary Auth: Business; Social ScienceIntro Supplementary Auth: Introductory Business; Introductory Social ScienceIntro Subject Matter Auth: Introductory Social Science,
9051-07,Business - English,Business,General Education,Full Authorization:Single Subject: Business; EnglishLimited Authorization:Supplementary Auth: Business; EnglishIntro Supplementary Auth: Introductory Business; Introductory EnglishIntro Subject Matter Auth: Introductory English,
9051-08,Business - Entrepreneurship,Business,General Education,Full Authorization:Single Subject: BusinessSpecific Supplementary Auth: Marketing/ EntrepreneurshipLimited Authorization:Supplementary Auth: BusinessIntro Supplementary Auth: Introductory Business,
9051-09,Business - Finance,Business,General Education,Full Authorization:Single Subject: BusinessSpecific Supplementary Auth: Accounting including FinanceLimited Authorization:Supplementary Auth: BusinessIntro Supplementary Auth: Introductory Business,
9051-10,Business - Keyboarding and Word Processing,Business,General Education,Full Authorization:Single Subject: BusinessLimited Authorization:Supplementary Auth: BusinessIntro Supplementary Auth: Introductory Business,
9051-11,Business - Law,Business,General Education,Full Authorization:Single Subject: Business; Social ScienceLimited Authorization:Supplementary Auth: Business; Social ScienceIntro Supplementary Auth: Introductory Business; Introductory Social ScienceIntro Subject Matter Auth: Introductory Social Science,
9051-12,Business - Management,Business,General Education,Full Authorization:Single Subject: BusinessLimited Authorization:Supplementary Auth: BusinessIntro Supplementary Auth: Introductory Business,
9051-13,Business - Marketing,Business,General Education,Full Authorization:Single Subject: BusinessSpecific Supplementary Auth: Marketing/ EntrepreneurshipLimited Authorization:Supplementary Auth: BusinessIntro Supplementary Auth: Introductory Business,
9051-14,Business - Mathematics,Business,General Education,Full Authorization:Single Subject: Business; Mathematics; Foundational Level MathematicsMathematics Instructional Added AuthorizationMathematics Instructional Leadership SpecialistLimited Authorization:Supplementary Auth: Business; MathematicsIntro Supplementary Auth: Introductory Business; Introductory MathematicsIntro Subject Matter Auth: Introductory Mathematics,
9051-15,Business- Office Occupations,Business,General Education,Full Authorization:Single Subject: BusinessSpecific Supplementary Auth: Office Technologies Inc. Word Processing &amp; Business CommunicationLimited Authorization:Supplementary Auth: BusinessIntro Supplementary Auth: Introductory Business,
9052,International Baccalaureate (IB) Business and Management,Business,General Education,Full Authorization:Single Subject: BusinessLimited Authorization:Supplementary Auth: BusinessIntro Supplementary Auth: Introductory Business,
9060,Computer literacy,Computer Science,General Education,Full Authorization:Single Subject: Business; Mathematics; Industrial and Technology EducationSpecific Supplementary Auth: Computer ScienceLimited Authorization:Supplementary Auth: Business; Computer Science; Industrial ArtsIntro Supplementary Auth: Introductory Business; Introductory Computer Science; Introductory Industrial Arts,
9061,Exploring Computer Science,Computer Science,General Education,Full Authorization:Single Subject: Business; Mathematics; Industrial and Technology EducationSpecific Supplementary Auth: Computer ScienceLimited Authorization:Supplementary Auth: Business; Computer Science; Industrial ArtsIntro Supplementary Auth: Introductory Business; Introductory Computer Science; Introductory Industrial Arts,
9062,Computer Science,Computer Science,General Education,Full Authorization:Single Subject: Business; Mathematics; Industrial and Technology EducationSpecific Supplementary Auth: Computer ScienceLimited Authorization:Supplementary Auth: Business; Computer Science; Industrial ArtsIntro Supplementary Auth: Introductory Business; Introductory Computer Science; Introductory Industrial Arts,
9063,Computer programming,Computer Science,General Education,Full Authorization:Single Subject: Mathematics; Industrial and Technology EducationSpecific Supplementary Auth: Computer ScienceLimited Authorization:Supplementary Auth: Computer Science; Industrial ArtsIntro Supplementary Auth: Introductory Computer Science; Introductory Industrial Arts,
9064,Web Design,Computer Science,General Education,Full Authorization:Single Subject: Business; Mathematics; Industrial and Technology EducationSpecific Supplementary Auth: Computer ScienceLimited Authorization:Supplementary Auth: Business; Computer Science; Industrial ArtsIntro Supplementary Auth: Introductory Business; Introductory Computer Science; Introductory Industrial Arts,
9065,International Baccalaureate Middle Years Program (IB MYP):  Design,Computer Science,General Education,Full Authorization:Single Subject: Mathematics; Industrial and Technology Education; ArtSpecific Supplementary Auth: Computer ScienceLimited Authorization:Supplementary Auth: Computer Science; Industrial Arts; ArtIntro Supplementary Auth: Introductory Computer Science; Introductory Industrial Arts; Introductory ArtIntro Subject Matter Auth: Introductory Art,
9066,Advanced Placement (AP) Computer Science Principles,Computer Science,General Education,Full Authorization:Single Subject: Business; Mathematics; Industrial and Technology EducationSpecific Supplementary Auth: Computer ScienceLimited Authorization:Supplementary Auth: Business; Industrial Arts; Computer ScienceIntro Supplementary Auth: Introductory Business; Introductory Industrial Arts; Introductory Computer Science,
9067,Advanced Placement (AP) Computer science A,Computer Science,General Education,Full Authorization:Single Subject: Business; Mathematics; Industrial and Technology EducationSpecific Supplementary Auth: Computer ScienceLimited Authorization:Supplementary Auth: Business; Industrial Arts; Computer ScienceIntro Supplementary Auth: Introductory Business; Introductory Industrial Arts; Introductory Computer Science,
9068,International Baccalaureate (IB) Information technology in a Global Society,Computer Science,General Education,Full Authorization:Single Subject: Business; Mathematics; Industrial and Technology EducationSpecific Supplementary Auth: Computer ScienceLimited Authorization:Supplementary Auth: Business; Industrial Arts; Computer ScienceIntro Supplementary Auth: Introductory Business; Introductory Industrial Arts; Introductory Computer Science,
9069,International Baccalaureate (IB) Computer science,Computer Science,General Education,Full Authorization:Single Subject: Business; Mathematics; Industrial and Technology EducationSpecific Supplementary Auth: Computer ScienceLimited Authorization:Supplementary Auth: Business; Industrial Arts; Computer ScienceIntro Supplementary Auth: Introductory Business; Introductory Industrial Arts; Introductory Computer Science,
9080-01,Dance - Ballet,Dance,General Education,Full Authorization:Single Subject: DanceSpecific Supplementary Auth: DanceSpecific Subject Matter Auth: DanceLimited Authorization:Supplementary Auth: DanceIntro Supplementary Auth: Introductory DanceIntro Subject Matter Auth: Introductory Dance,"Physical Education authorizations issued prior to 2022 (e.g. PE, PEX, etc) are authorized to teach dance content. See Coded 21-01 for more details."
9080-02,Dance - Composition and Production,Dance,General Education,Full Authorization:Single Subject: DanceSpecific Supplementary Auth: DanceSpecific Subject Matter Auth: DanceLimited Authorization:Supplementary Auth: DanceIntro Supplementary Auth: Introductory DanceIntro Subject Matter Auth: Introductory Dance,"Physical Education authorizations issued prior to 2022 (e.g. PE, PEX, etc) are authorized to teach dance content. See Coded 21-01 for more details."
9080-03,Dance - Folk/ Traditional,Dance,General Education,Full Authorization:Single Subject: DanceSpecific Supplementary Auth: DanceSpecific Subject Matter Auth: DanceLimited Authorization:Supplementary Auth: DanceIntro Supplementary Auth: Introductory DanceIntro Subject Matter Auth: Introductory Dance,"Physical Education authorizations issued prior to 2022 (e.g. PE, PEX, etc) are authorized to teach dance content. See Coded 21-01 for more details."
9080-04,Dance - Hip Hop,Dance,General Education,Full Authorization:Single Subject: DanceSpecific Supplementary Auth: DanceSpecific Subject Matter Auth: DanceLimited Authorization:Supplementary Auth: DanceIntro Supplementary Auth: Introductory DanceIntro Subject Matter Auth: Introductory Dance,"Physical Education authorizations issued prior to 2022 (e.g. PE, PEX, etc) are authorized to teach dance content. See Coded 21-01 for more details."
9080-05,Dance - Independent or Studio,Dance,General Education,Full Authorization:Single Subject: DanceSpecific Supplementary Auth: DanceSpecific Subject Matter Auth: DanceLimited Authorization:Supplementary Auth: DanceIntro Supplementary Auth: Introductory DanceIntro Subject Matter Auth: Introductory Dance,"Physical Education authorizations issued prior to 2022 (e.g. PE, PEX, etc) are authorized to teach dance content. See Coded 21-01 for more details."
9080-06,Dance - Jazz,Dance,General Education,Full Authorization:Single Subject: DanceSpecific Supplementary Auth: DanceSpecific Subject Matter Auth: DanceLimited Authorization:Supplementary Auth: DanceIntro Supplementary Auth: Introductory DanceIntro Subject Matter Auth: Introductory Dance,"Physical Education authorizations issued prior to 2022 (e.g. PE, PEX, etc) are authorized to teach dance content. See Coded 21-01 for more details."
9080-07,Dance - Modern,Dance,General Education,Full Authorization:Single Subject: DanceSpecific Supplementary Auth: DanceSpecific Subject Matter Auth: DanceLimited Authorization:Supplementary Auth: DanceIntro Supplementary Auth: Introductory DanceIntro Subject Matter Auth: Introductory Dance,"Physical Education authorizations issued prior to 2022 (e.g. PE, PEX, etc) are authorized to teach dance content. See Coded 21-01 for more details."
9080-08,Dance - Tap,Dance,General Education,Full Authorization:Single Subject: DanceSpecific Supplementary Auth: DanceSpecific Subject Matter Auth: DanceLimited Authorization:Supplementary Auth: DanceIntro Supplementary Auth: Introductory DanceIntro Subject Matter Auth: Introductory Dance,"Physical Education authorizations issued prior to 2022 (e.g. PE, PEX, etc) are authorized to teach dance content. See Coded 21-01 for more details."
9080-09,Dance - World,Dance,General Education,Full Authorization:Single Subject: DanceSpecific Supplementary Auth: DanceSpecific Subject Matter Auth: DanceLimited Authorization:Supplementary Auth: DanceIntro Supplementary Auth: Introductory DanceIntro Subject Matter Auth: Introductory Dance,"Physical Education authorizations issued prior to 2022 (e.g. PE, PEX, etc) are authorized to teach dance content. See Coded 21-01 for more details."
9080-NA,Dance - Multiple or Not Applicable,Dance,General Education,Full Authorization:Single Subject: DanceSpecific Supplementary Auth: DanceSpecific Subject Matter Auth: DanceLimited Authorization:Supplementary Auth: DanceIntro Supplementary Auth: Introductory DanceIntro Subject Matter Auth: Introductory Dance,"Physical Education authorizations issued prior to 2022 (e.g. PE, PEX, etc) are authorized to teach dance content. See Coded 21-01 for more details."
9081,International Baccalaureate (IB) Dance,Dance,General Education,Full Authorization:Single Subject: DanceSpecific Supplementary Auth: DanceSpecific Subject Matter Auth: DanceLimited Authorization:Supplementary Auth: DanceIntro Supplementary Auth: Introductory DanceIntro Subject Matter Auth: Introductory Dance,"Physical Education authorizations issued prior to 2022 (e.g. PE, PEX, etc) are authorized to teach dance content. See Coded 21-01 for more details."
9082,College Credit Course - Dance,Dance,General Education,Full Authorization:Single Subject: DanceSpecific Supplementary Auth: DanceSpecific Subject Matter Auth: DanceLimited Authorization:Supplementary Auth: Dance,"Physical Education authorizations issued prior to 2022 (e.g. PE, PEX, etc) are authorized to teach dance content. See Coded 21-01 for more details."
9083,Pre-AP Dance,Dance,General Education,Full Authorization:Single Subject: DanceSpecific Supplementary Auth: DanceSpecific Subject Matter Auth: DanceLimited Authorization:Supplementary Auth: DanceIntro Supplementary Auth: Introductory DanceIntro Subject Matter Auth: Introductory Dance,"Physical Education authorizations issued prior to 2022 (e.g. PE, PEX, etc) are authorized to teach dance content. See Coded 21-01 for more details."
9090-01,Theatre - Acting,Theatre,General Education,Full Authorization:Single Subject: TheaterSpecific Supplementary Auth: DramaSpecific Subject Matter Auth: Drama/ TheatreLimited Authorization:Supplementary Auth: TheaterIntro Supplementary Auth: Introductory TheaterIntro Subject Matter Auth: Introductory Theater,"English authorizations issued prior to 2022 (e.g. ENGL, ENGX, etc) are authorized to teach theater content. See Coded 21-01 for more details."
9090-02,Theatre - Directing,Theatre,General Education,Full Authorization:Single Subject: TheaterSpecific Supplementary Auth: DramaSpecific Subject Matter Auth: Drama/ TheatreLimited Authorization:Supplementary Auth: TheaterIntro Supplementary Auth: Introductory TheaterIntro Subject Matter Auth: Introductory Theater,"English authorizations issued prior to 2022 (e.g. ENGL, ENGX, etc) are authorized to teach theater content. See Coded 21-01 for more details."
9090-03,Theatre - Improvisation,Theatre,General Education,Full Authorization:Single Subject: TheaterSpecific Supplementary Auth: DramaSpecific Subject Matter Auth: Drama/ TheatreLimited Authorization:Supplementary Auth: TheaterIntro Supplementary Auth: Introductory TheaterIntro Subject Matter Auth: Introductory Theater,"English authorizations issued prior to 2022 (e.g. ENGL, ENGX, etc) are authorized to teach theater content. See Coded 21-01 for more details."
9090-04,Theatre - Musical Theatre,Theatre,General Education,Full Authorization:Single Subject: Music; TheaterSpecific Supplementary Auth: DramaSpecific Subject Matter Auth: Drama/ TheatreLimited Authorization:Supplementary Auth: TheaterIntro Supplementary Auth: Introductory Theater; Introductory MusicIntro Subject Matter Auth: Introductory Theater; Introductory Music,"English authorizations issued prior to 2022 (e.g. ENGL, ENGX, etc) are authorized to teach theater content. See Coded 21-01 for more details."
9090-05,Theatre - Performance and Production,Theatre,General Education,Full Authorization:Single Subject: TheaterSpecific Supplementary Auth: DramaSpecific Subject Matter Auth: Drama/ TheatreLimited Authorization:Supplementary Auth: TheaterIntro Supplementary Auth: Introductory TheaterIntro Subject Matter Auth: Introductory Theater,"English authorizations issued prior to 2022 (e.g. ENGL, ENGX, etc) are authorized to teach theater content. See Coded 21-01 for more details."
9090-06,Theatre - Playwriting,Theatre,General Education,Full Authorization:Single Subject: TheaterSpecific Supplementary Auth: DramaSpecific Subject Matter Auth: Drama/ TheatreLimited Authorization:Supplementary Auth: TheaterIntro Supplementary Auth: Introductory TheaterIntro Subject Matter Auth: Introductory Theater,"English authorizations issued prior to 2022 (e.g. ENGL, ENGX, etc) are authorized to teach theater content. See Coded 21-01 for more details."
9090-07,Theatre - Technical Theatre/ stagecraft,Theatre,General Education,Full Authorization:Single Subject: TheaterSpecific Supplementary Auth: DramaSpecific Subject Matter Auth: Drama/ TheatreLimited Authorization:Supplementary Auth: TheaterIntro Supplementary Auth: Introductory TheaterIntro Subject Matter Auth: Introductory Theater,"English authorizations issued prior to 2022 (e.g. ENGL, ENGX, etc) are authorized to teach theater content. See Coded 21-01 for more details."
9090-08,Theatre - Make-Up and Costume Design,Theatre,General Education,Full Authorization:Single Subject: Theater; Home EconomicsSpecific Supplementary Auth: Drama; Clothing and Textiles (Home Economics)Specific Subject Matter Auth: Drama/ TheatreLimited Authorization:Supplementary Auth: Theater; Home EconomicsIntro Supplementary Auth: Introductory Theater; Introductory Home EconomicsIntro Subject Matter Auth: Introductory Theater,"English authorizations issued prior to 2022 (e.g. ENGL, ENGX, etc) are authorized to teach theater content. See Coded 21-01 for more details."
9090-NA,Theatre - Multiple or Not Applicable,Theatre,General Education,Full Authorization:Single Subject: Theater; Home EconomicsSpecific Supplementary Auth: Drama; Clothing and Textiles (Home Economics)Specific Subject Matter Auth: Drama/ TheatreLimited Authorization:Supplementary Auth: Theater; Home EconomicsIntro Supplementary Auth: Introductory Theater; Introductory Home EconomicsIntro Subject Matter Auth: Introductory Theater,"English authorizations issued prior to 2022 (e.g. ENGL, ENGX, etc) are authorized to teach theater content. See Coded 21-01 for more details."
9091,"Theatre Arts/ Film: History, Literature, and Appreciation",Theatre,General Education,Full Authorization:Single Subject: Theater; ArtSpecific Supplementary Auth: DramaSpecific Subject Matter Auth: Drama/ TheatreLimited Authorization:Supplementary Auth: TheaterIntro Supplementary Auth: Introductory TheaterIntro Subject Matter Auth: Introductory Theater,"English authorizations issued prior to 2022 (e.g. ENGL, ENGX, etc) are authorized to teach theater content. See Coded 21-01 for more details."
9092,Media/ Film/ Video/ Television Production,Theatre,General Education,Full Authorization:Single Subject: Theater; ArtSpecific Supplementary Auth: DramaSpecific Subject Matter Auth: Drama/ TheatreLimited Authorization:Supplementary Auth: TheaterIntro Supplementary Auth: Introductory TheaterIntro Subject Matter Auth: Introductory Theater,"English authorizations issued prior to 2022 (e.g. ENGL, ENGX, etc) are authorized to teach theater content. See Coded 21-01 for more details."
9093,International Baccalaureate (IB) Film,Theatre,General Education,Full Authorization:Single Subject: Theater; ArtSpecific Supplementary Auth: DramaSpecific Subject Matter Auth: Drama/ TheatreLimited Authorization:Supplementary Auth: TheaterIntro Supplementary Auth: Introductory TheaterIntro Subject Matter Auth: Introductory Theater,"English authorizations issued prior to 2022 (e.g. ENGL, ENGX, etc) are authorized to teach theater content. See Coded 21-01 for more details."
9094,International Baccalaureate Middle Years Programme (IB MYP) Drama,Theatre,General Education,Full Authorization:Single Subject: Theater; ArtSpecific Supplementary Auth: DramaSpecific Subject Matter Auth: Drama/ TheatreLimited Authorization:Supplementary Auth: TheaterIntro Supplementary Auth: Introductory TheaterIntro Subject Matter Auth: Introductory Theater,"English authorizations issued prior to 2022 (e.g. ENGL, ENGX, etc) are authorized to teach theater content. See Coded 21-01 for more details."
9095,International Baccalaureate (IB) Theatre,Theatre,General Education,Full Authorization:Single Subject: Theater; ArtSpecific Supplementary Auth: DramaSpecific Subject Matter Auth: Drama/ TheatreLimited Authorization:Supplementary Auth: TheaterIntro Supplementary Auth: Introductory TheaterIntro Subject Matter Auth: Introductory Theater,"English authorizations issued prior to 2022 (e.g. ENGL, ENGX, etc) are authorized to teach theater content. See Coded 21-01 for more details."
9096,College Credit Course - Theatre,Theatre,General Education,Full Authorization:Single Subject: Theater; ArtSpecific Supplementary Auth: DramaSpecific Subject Matter Auth: Drama/ TheatreLimited Authorization:Supplementary Auth: Theater,"English authorizations issued prior to 2022 (e.g. ENGL, ENGX, etc) are authorized to teach theater content. See Coded 21-01 for more details."
9097,Pre-AP Theatre,Theatre,General Education,Full Authorization:Single Subject: Theater; ArtSpecific Supplementary Auth: DramaSpecific Subject Matter Auth: Drama/ TheatreLimited Authorization:Supplementary Auth: TheaterIntro Supplementary Auth: Introductory TheaterIntro Subject Matter Auth: Introductory Theater,"English authorizations issued prior to 2022 (e.g. ENGL, ENGX, etc) are authorized to teach theater content. See Coded 21-01 for more details."
9100,English (Departmentalized K-8),English,General Education,Full Authorization:Single Subject: EnglishLimited Authorization:Supplementary Auth: EnglishIntro Supplementary Auth: Introductory EnglishIntro Subject Matter Auth: Introductory English,
9101,Reading,English,General Education,Full Authorization:Single Subject: EnglishMultiple SubjectReading and Literacy Added AuthorizationReading and Literacy Leadership Specialist,"If course is in grades 3 or below, then PK-3 credential is acceptable. Users can determine any resulting exceptions as Appropriate Assignments."
9102,Expository Reading and Writing,English,General Education,Full Authorization:Single Subject: EnglishMultiple SubjectReading and Literacy Added AuthorizationReading and Literacy Leadership Specialist,
9103,English Support,English,General Education,Full Authorization:Single Subject: EnglishLimited Authorization:Supplementary Auth: EnglishIntro Supplementary Auth: Introductory EnglishIntro Subject Matter Auth: Introductory English,
9104,English Language Development,Departmentalized ELD,English Language Development,Full Authorization:English Learner Auth: Full English Learner Authorization; Bilingual AuthorizationSingle Subject: World Language: English Language DevelopmentSpecific Supplementary Auth: English as a Second LanguageLimited Authorization:Supplementary Auth: English as a Second LanguageIntro Supplementary Auth: English as a Second Language; Introductory English as a Second Language,
9105,English 9,English,General Education,Full Authorization:Single Subject: EnglishLimited Authorization:Supplementary Auth: EnglishIntro Supplementary Auth: Introductory EnglishIntro Subject Matter Auth: Introductory English,
9106,English 10,English,General Education,Full Authorization:Single Subject: EnglishLimited Authorization:Supplementary Auth: EnglishIntro Supplementary Auth: Introductory EnglishIntro Subject Matter Auth: Introductory English,
9107,English 11,English,General Education,Full Authorization:Single Subject: EnglishLimited Authorization:Supplementary Auth: EnglishIntro Supplementary Auth: Introductory EnglishIntro Subject Matter Auth: Introductory English,
9108,English 12,English,General Education,Full Authorization:Single Subject: EnglishLimited Authorization:Supplementary Auth: EnglishIntro Supplementary Auth: Introductory EnglishIntro Subject Matter Auth: Introductory English,
9109,Journalism,English,General Education,Full Authorization:Single Subject: EnglishSpecific Supplementary Auth: JournalismLimited Authorization:Supplementary Auth: EnglishIntro Supplementary Auth: Introductory EnglishIntro Subject Matter Auth: Introductory English,
9110,Speech,English,General Education,Full Authorization:Single Subject: EnglishSpecific Supplementary Auth: SpeechLimited Authorization:Supplementary Auth: EnglishIntro Supplementary Auth: Introductory EnglishIntro Subject Matter Auth: Introductory English,
9111,Composition,English,General Education,Full Authorization:Single Subject: EnglishSpecific Supplementary Auth: English CompositionSpecific Subject Matter Auth: English CompositionLimited Authorization:Supplementary Auth: EnglishIntro Supplementary Auth: Introductory EnglishIntro Subject Matter Auth: Introductory English,
9112,Literature Elective,English,General Education,Full Authorization:Single Subject: EnglishSpecific Supplementary Auth: LiteratureSpecific Subject Matter Auth: LiteratureLimited Authorization:Supplementary Auth: EnglishIntro Supplementary Auth: Introductory EnglishIntro Subject Matter Auth: Introductory English,
9113,International Baccalaureate Middle Years Programme (IB MYP) Language Acquisition,World Languages,General Education,,Will always produce exception in CalSAAS.
9114,International Baccalaureate Middle Years Programme (IB MYP) Language and Literature (English),English,General Education,Full Authorization:Single Subject: EnglishSpecific Supplementary Auth: LiteratureSpecific Subject Matter Auth: LiteratureLimited Authorization:Supplementary Auth: EnglishIntro Supplementary Auth: Introductory EnglishIntro Subject Matter Auth: Introductory English,
9115,International Baccalaureate (IB) Literature and Performance SL,English,General Education,,Will always produce an exception in CalSAAS.
9116,International Baccalaureate (IB) Language A: Language and Literature (English),English,General Education,Full Authorization:Single Subject: EnglishSpecific Supplementary Auth: LiteratureSpecific Subject Matter Auth: LiteratureLimited Authorization:Supplementary Auth: EnglishIntro Supplementary Auth: Introductory EnglishIntro Subject Matter Auth: Introductory English,
9117,International Baccalaureate (IB) Language A: Literature,English,General Education,Full Authorization:Single Subject: EnglishSpecific Supplementary Auth: LiteratureSpecific Subject Matter Auth: LiteratureLimited Authorization:Supplementary Auth: EnglishIntro Supplementary Auth: Introductory EnglishIntro Subject Matter Auth: Introductory English,
9118,Advanced Placement (AP)   English Literature and Composition,English,General Education,Full Authorization:Single Subject: EnglishSpecific Supplementary Auth: English Composition; LiteratureSpecific Subject Matter Auth: English Composition; LiteratureLimited Authorization:Supplementary Auth: EnglishIntro Supplementary Auth: Introductory EnglishIntro Subject Matter Auth: Introductory English,
9119,Advanced Placement (AP)   English Language and Composition,English,General Education,Full Authorization:Single Subject: EnglishSpecific Supplementary Auth: English Composition; LiteratureSpecific Subject Matter Auth: English Composition; LiteratureLimited Authorization:Supplementary Auth: EnglishIntro Supplementary Auth: Introductory EnglishIntro Subject Matter Auth: Introductory English,
9120,College Credit Course - English,English,General Education,Full Authorization:Single Subject: EnglishLimited Authorization:Supplementary Auth: English,
9121,Pre-AP English 1,English,General Education,Full Authorization:Single Subject: EnglishLimited Authorization:Supplementary Auth: EnglishIntro Supplementary Auth: Introductory EnglishIntro Subject Matter Auth: Introductory English,
9130,World Languages I,World Languages,General Education,"Full Authorization:Single Subject or Specific Supplementary Auth: Foreign language aligned with language of instructionLimited Authorization:Supplementary Auth, Intro Supplementary Auth, or Intro Subject Matter Auth: Foreign language aligned with language of instruction",Languages for which the Commission does not issue a credential will be checked against requirements of Title 5 80005(b).
9131,World Languages II,World Languages,General Education,"Full Authorization:Single Subject or Specific Supplementary Auth: Foreign language aligned with language of instructionLimited Authorization:Supplementary Auth, Intro Supplementary Auth, or Intro Subject Matter Auth: Foreign language aligned with language of instruction",Languages for which the Commission does not issue a credential will be checked against requirements of Title 5 80005(b).
9132,World Languages III,World Languages,General Education,"Full Authorization:Single Subject or Specific Supplementary Auth: Foreign language aligned with language of instructionLimited Authorization:Supplementary Auth, Intro Supplementary Auth, or Intro Subject Matter Auth: Foreign language aligned with language of instruction",Languages for which the Commission does not issue a credential will be checked against requirements of Title 5 80005(b).
9133,World Languages IV,World Languages,General Education,"Full Authorization:Single Subject or Specific Supplementary Auth: Foreign language aligned with language of instructionLimited Authorization:Supplementary Auth, Intro Supplementary Auth, or Intro Subject Matter Auth: Foreign language aligned with language of instruction",Languages for which the Commission does not issue a credential will be checked against requirements of Title 5 80005(b).
9134,World Languages for Native Speakers I,World Languages,General Education,"Full Authorization:Single Subject or Specific Supplementary Auth: Foreign language aligned with language of instructionLimited Authorization:Supplementary Auth, Intro Supplementary Auth, or Intro Subject Matter Auth: Foreign language aligned with language of instruction",Languages for which the Commission does not issue a credential will be checked against requirements of Title 5 80005(b).
9135,World Languages for Native Speakers II,World Languages,General Education,"Full Authorization:Single Subject or Specific Supplementary Auth: Foreign language aligned with language of instructionLimited Authorization:Supplementary Auth, Intro Supplementary Auth, or Intro Subject Matter Auth: Foreign language aligned with language of instruction",Languages for which the Commission does not issue a credential will be checked against requirements of Title 5 80005(b).
9136,World Languages for Native Speakers III,World Languages,General Education,"Full Authorization:Single Subject or Specific Supplementary Auth: Foreign language aligned with language of instructionLimited Authorization:Supplementary Auth, Intro Supplementary Auth, or Intro Subject Matter Auth: Foreign language aligned with language of instruction",Languages for which the Commission does not issue a credential will be checked against requirements of Title 5 80005(b).
9137,World Languages for Native Speakers IV,World Languages,General Education,"Full Authorization:Single Subject or Specific Supplementary Auth: Foreign language aligned with language of instructionLimited Authorization:Supplementary Auth, Intro Supplementary Auth, or Intro Subject Matter Auth: Foreign language aligned with language of instruction",Languages for which the Commission does not issue a credential will be checked against requirements of Title 5 80005(b).
9138,International Baccalaureate Middle Years Programme (IB MYP) Language Acquisition (Non-English),World Languages,General Education,"Full Authorization:Single Subject or Specific Supplementary Auth: Foreign language aligned with course contentLimited Authorization:Supplementary Auth, Intro Supplementary Auth, or Intro Subject Matter Auth: Foreign language aligned with course content",Languages for which the Commission does not issue a credential will be checked against requirements of Title 5 80005(b).
9139,International Baccalaureate Middle Years Programme (IB MYP) Language and Literature (non-English),World Languages,General Education,"Full Authorization:Single Subject or Specific Supplementary Auth: Foreign language aligned with course contentLimited Authorization:Supplementary Auth, Intro Supplementary Auth, or Intro Subject Matter Auth: Foreign language aligned with course content",Languages for which the Commission does not issue a credential will be checked against requirements of Title 5 80005(b).
9140,International Baccalaureate (IB) Literature and Performance SL (non-English),World Languages,General Education,Full Authorization:Single Subject: EnglishLimited Authorization:Supplementary Auth: EnglishIntro Supplementary Auth: Introductory EnglishIntro Subject Matter Auth: Introductory English,
9141,International Baccalaureate (IB) Language A: Language and Literature (non-English),World Languages,General Education,,Will always produce exception in CalSAAS
9142,International Baccalaureate (IB) Language A: Literature (non-English),World Languages,General Education,,Will always produce exception in CalSAAS
9143,International Baccalaureate (IB) Language B,World Languages,General Education,,Will always produce exception in CalSAAS
9144,International Baccalaureate (IB) Language ab initio,World Languages,General Education,Full Authorization:Single Subject: English; Foreign Language: Arabic; Italian; Spanish; World Language: English Language DevelopmentSpecific Supplementary Auth: Spanish (Basic)Limited Authorization:Supplementary Auth: Italian; English; SpanishIntro Supplementary Auth: Introductory Italian; Introductory English; Introductory SpanishIntro Subject Matter Auth: Introductory Arabic; Introductory Italian; Introductory English; Introductory Spanish,
9145,International Baccalaureate (IB) Classical Languages,World Languages,General Education,Full Authorization:Single Subject: Greek; LatinLimited Authorization:Supplementary Auth: LatinIntro Supplementary Auth: Introductory Greek; Introductory LatinIntro Subject Matter Auth: Introductory Greek; Introductory Latin,
9146,Advanced Placement (AP) Japanese Language and Culture,World Languages,General Education,Full Authorization:Single Subject: Foreign Language: JapaneseLimited Authorization:Supplementary Auth: JapaneseIntro Supplementary Auth: Introductory JapaneseIntro Subject Matter Auth: Introductory Japanese,
9147,Advanced Placement (AP) Chinese Language and Culture,World Languages,General Education,Full Authorization:Single Subject: Foreign Language: Cantonese; MandarinLimited Authorization:Supplementary Auth: Chinese; MandarinIntro Supplementary Auth: Introductory Chinese; Introductory MandarinIntro Subject Matter Auth: Introductory Chinese; Introductory Mandarin,
9148,Advanced Placement (AP) Italian Language and Culture,World Languages,General Education,Full Authorization:Single Subject: Foreign Language: ItalianLimited Authorization:Supplementary Auth: ItalianIntro Supplementary Auth: Introductory ItalianIntro Subject Matter Auth: Introductory Italian,
9149,Advanced Placement (AP) Spanish Literature and Culture,World Languages,General Education,Full Authorization:Single Subject: Foreign Language: SpanishSpecific Supplementary Auth: Spanish (Basic)Limited Authorization:Supplementary Auth: SpanishIntro Supplementary Auth: Introductory SpanishIntro Subject Matter Auth: Introductory Spanish,
9150,Advanced Placement (AP)  Spanish Language and Culture,World Languages,General Education,Full Authorization:Single Subject: Foreign Language: SpanishSpecific Supplementary Auth: Spanish (Basic)Limited Authorization:Supplementary Auth: SpanishIntro Supplementary Auth: Introductory SpanishIntro Subject Matter Auth: Introductory Spanish,
9151,Advanced Placement (AP) Latin,World Languages,General Education,Full Authorization:Single Subject: Foreign Language: LatinLimited Authorization:Supplementary Auth: LatinIntro Supplementary Auth: Introductory LatinIntro Subject Matter Auth: Introductory Latin,
9152,Advanced Placement (AP) German Language and Culture,World Languages,General Education,Full Authorization:Single Subject: Foreign Language: GermanSpecific Supplementary Auth: German (Basic)Limited Authorization:Supplementary Auth: GermanIntro Supplementary Auth: Introductory GermanIntro Subject Matter Auth: Introductory German,
9153,Advanced Placement (AP) French Language and Culture,World Languages,General Education,Full Authorization:Single Subject: Foreign Language: FrenchSpecific Supplementary Auth: French (Basic)Limited Authorization:Supplementary Auth: FrenchIntro Supplementary Auth: Introductory FrenchIntro Subject Matter Auth: Introductory French,
9154,College Credit Course - World Languages,World Languages,General Education,,Will always produce exception in CalSAAS
9155,Elementary or Middle School World Language,World Languages,General Education,"Full Authorization:Single Subject or Specific Supplementary Auth: Foreign language aligned with language of instructionLimited Authorization:Supplementary Auth, Intro Supplementary Auth, or Intro Subject Matter Auth: Foreign language aligned with language of instruction",Languages for which the Commission does not issue a credential will be checked against requirements of T5 80005(b)
9156,World Languages V,World Languages,General Education,"Full Authorization:Single Subject or Specific Supplementary Auth: Foreign language aligned with language of instructionLimited Authorization:Supplementary Auth, Intro Supplementary Auth, or Intro Subject Matter Auth: Foreign language aligned with language of instruction",Languages for which the Commission does not issue a credential will be checked against requirements of T5 80005(b)
9157,World Languages for Native Speakers V,World Languages,General Education,"Full Authorization:Single Subject or Specific Supplementary Auth: Foreign language aligned with language of instructionLimited Authorization:Supplementary Auth, Intro Supplementary Auth, or Intro Subject Matter Auth: Foreign language aligned with language of instruction",Languages for which the Commission does not issue a credential will be checked against requirements of T5 80005(b)
9160,Comprehensive Health Education,Health,General Education,Full Authorization:Single Subject: Health ScienceSpecialist Instruction Credential in Health ScienceLimited Authorization:Supplementary Auth: Health ScienceIntro Supplementary Auth: Introductory Health Science,
9161,Comprehensive Sexual Health Education,Health,General Education,Full Authorization:Single Subject: Health ScienceLimited Authorization:Supplementary Auth: Health ScienceIntro Supplementary Auth: Introductory Health Science,
9170,History-Social Science (Departmentalized K-6),Social Science,General Education,Full Authorization:Single Subject: Social ScienceSpecific Subject Matter Auth: HistoryLimited Authorization:Supplementary Auth: Social ScienceIntro Supplementary Auth: Introductory Social ScienceIntro Subject Matter Auth: Introductory Social Science,
9171,World Geography,Social Science,General Education,Full Authorization:Single Subject: Social ScienceSpecific Supplementary Auth: GeographySpecific Subject Matter Auth: GeographyLimited Authorization:Supplementary Auth: Social ScienceIntro Supplementary Auth: Introductory Social ScienceIntro Subject Matter Auth: Introductory Social Science,
9172,World History,Social Science,General Education,Full Authorization:Single Subject: Social ScienceSpecific Supplementary Auth: World HistorySpecific Subject Matter Auth: HistoryLimited Authorization:Supplementary Auth: Social ScienceIntro Supplementary Auth: Introductory Social ScienceIntro Subject Matter Auth: Introductory Social Science,
9173,United States History,Social Science,General Education,Full Authorization:Single Subject: Social ScienceSpecific Supplementary Auth: US History and History of CaliforniaSpecific Subject Matter Auth: HistoryLimited Authorization:Supplementary Auth: Social ScienceIntro Supplementary Auth: Introductory Social ScienceIntro Subject Matter Auth: Introductory Social Science,
9174,Government/ Civics,Social Science,General Education,Full Authorization:Single Subject: Social ScienceSpecific Supplementary Auth: US Government and US CivicsSpecific Subject Matter Auth: Civics/ GovernmentLimited Authorization:Supplementary Auth: Social ScienceIntro Supplementary Auth: Introductory Social ScienceIntro Subject Matter Auth: Introductory Social Science,
9175,Economics,Social Science,General Education,Full Authorization:Single Subject: Business; Social ScienceSpecific Supplementary Auth: Economics; Economics and Consumer EducationSpecific Subject Matter Auth: Economics (social science)Limited Authorization:Supplementary Auth: Social ScienceIntro Supplementary Auth: Introductory Social ScienceIntro Subject Matter Auth: Introductory Social Science,
9176,Sociology,Social Science,General Education,Full Authorization:Single Subject: Social ScienceSpecific Supplementary Auth: SociologyLimited Authorization:Supplementary Auth: Social ScienceIntro Supplementary Auth: Introductory Social ScienceIntro Subject Matter Auth: Introductory Social Science,
9177,Psychology,Social Science,General Education,Full Authorization:Single Subject: Social ScienceSpecific Supplementary Auth: PsychologyLimited Authorization:Supplementary Auth: Social ScienceIntro Supplementary Auth: Introductory Social ScienceIntro Subject Matter Auth: Introductory Social Science,
9178,Philosophy,Social Science,General Education,Full Authorization:Single Subject: Social Science; EnglishLimited Authorization:Supplementary Auth: Social Science; EnglishIntro Supplementary Auth: Introductory Social Science; Introductory EnglishIntro Subject Matter Auth: Introductory Social Science; Introductory English,
9179,Ethnic Studies,Social Science,General Education,Full Authorization:Single Subject: Social ScienceLimited Authorization:Supplementary Auth: Social ScienceIntro Supplementary Auth: Introductory Social ScienceIntro Subject Matter Auth: Introductory Social Science,
9180,History-Social Science Elective,Social Science,General Education,Full Authorization:Single Subject: Social ScienceLimited Authorization:Supplementary Auth: Social ScienceIntro Supplementary Auth: Introductory Social ScienceIntro Subject Matter Auth: Introductory Social Science,
9181,International Baccalaureate Middle Years Programme (IB MYP) Individuals and Societies,Social Science,General Education,Full Authorization:Single Subject: Social ScienceLimited Authorization:Supplementary Auth: Social ScienceIntro Supplementary Auth: Introductory Social ScienceIntro Subject Matter Auth: Introductory Social Science,
9182,International Baccalaureate (IB) Theory of Knowledge,Elective,General Education,,Checked against requirements of Title 5 80005(b)Requires credential based on bachelors degree and student teachingNo Emergency documents
9183,International Baccalaureate (IB) Social and Cultural Anthropology,Social Science,General Education,Full Authorization:Single Subject: Social ScienceSpecific Supplementary Auth: AnthropologyLimited Authorization:Supplementary Auth: Social ScienceIntro Supplementary Auth: Introductory Social ScienceIntro Subject Matter Auth: Introductory Social Science,
9184,International Baccalaureate (IB)  Philosophy,Social Science,General Education,Full Authorization:Single Subject: Social Science; EnglishLimited Authorization:Supplementary Auth: Social Science; EnglishIntro Supplementary Auth: Introductory Social Science; Introductory EnglishIntro Subject Matter Auth: Introductory Social Science; Introductory English,
9185,International Baccalaureate (IB)  Psychology,Social Science,General Education,Full Authorization:Single Subject: Social ScienceSpecific Supplementary Auth: PsychologyLimited Authorization:Supplementary Auth: Social ScienceIntro Supplementary Auth: Introductory Social ScienceIntro Subject Matter Auth: Introductory Social Science,
9186,International Baccalaureate (IB)  History,Social Science,General Education,Full Authorization:Single Subject: Social ScienceSpecific Subject Matter Auth: HistoryLimited Authorization:Supplementary Auth: Social ScienceIntro Supplementary Auth: Introductory Social ScienceIntro Subject Matter Auth: Introductory Social Science,
9187,International Baccalaureate (IB)  Geography,Social Science,General Education,Full Authorization:Single Subject: Social ScienceSpecific Supplementary Auth: GeographySpecific Subject Matter Auth: GeographyLimited Authorization:Supplementary Auth: Social ScienceIntro Supplementary Auth: Introductory Social ScienceIntro Subject Matter Auth: Introductory Social Science,
9188,International Baccalaureate (IB)   Economics,Social Science,General Education,Full Authorization:Single Subject: Social ScienceSpecific Supplementary Auth: Economics; Economics and Consumer EducationSpecific Subject Matter Auth: Economics (social science)Limited Authorization:Supplementary Auth: Social ScienceIntro Supplementary Auth: Introductory Social ScienceIntro Subject Matter Auth: Introductory Social Science,
9189,International Baccalaureate (IB) Global Politics,Social Science,General Education,Full Authorization:Single Subject: Social ScienceSpecific Supplementary Auth: Comparative Political Systems and International RelationsLimited Authorization:Supplementary Auth: Social ScienceIntro Supplementary Auth: Introductory Social ScienceIntro Subject Matter Auth: Introductory Social Science,
9190,International Baccalaureate (IB) World Religions SL,Elective,General Education,,Checked against requirements of Title 5 80005(b)Requires credential based on bachelors degree and student teachingNo Emergency documents
9191,Advanced Placement (AP) World History,Social Science,General Education,Full Authorization:Single Subject: Social ScienceSpecific Supplementary Auth: World HistorySpecific Subject Matter Auth: HistoryLimited Authorization:Supplementary Auth: Social ScienceIntro Supplementary Auth: Introductory Social ScienceIntro Subject Matter Auth: Introductory Social Science,
9192,Advanced Placement (AP) Human Geography,Social Science,General Education,Full Authorization:Single Subject: Social ScienceSpecific Supplementary Auth: GeographySpecific Subject Matter Auth: GeographyLimited Authorization:Supplementary Auth: Social ScienceIntro Supplementary Auth: Introductory Social ScienceIntro Subject Matter Auth: Introductory Social Science,
9193,Advanced Placement (AP) Psychology,Social Science,General Education,Full Authorization:Single Subject: Social ScienceSpecific Supplementary Auth: PsychologyLimited Authorization:Supplementary Auth: Social ScienceIntro Supplementary Auth: Introductory Social ScienceIntro Subject Matter Auth: Introductory Social Science,
9194,Advanced Placement (AP) United States History,Social Science,General Education,Full Authorization:Single Subject: Social ScienceSpecific Supplementary Auth: US History and History of CaliforniaLimited Authorization:Supplementary Auth: Social ScienceIntro Supplementary Auth: Introductory Social ScienceIntro Subject Matter Auth: Introductory Social Science,
9195,Advanced Placement (AP) European History,Social Science,General Education,Full Authorization:Single Subject: Social ScienceSpecific Supplementary Auth: World HistoryLimited Authorization:Supplementary Auth: Social ScienceIntro Supplementary Auth: Introductory Social ScienceIntro Subject Matter Auth: Introductory Social Science,
9196,Advanced Placement (AP) United States Government &amp; Politics,Social Science,General Education,Full Authorization:Single Subject: Social ScienceLimited Authorization:Supplementary Auth: Social ScienceIntro Supplementary Auth: Introductory Social ScienceIntro Subject Matter Auth: Introductory Social Science,
9197,Advanced Placement (AP) Comparative Government &amp; Politics,Social Science,General Education,Full Authorization:Single Subject: Social ScienceSpecific Supplementary Auth: Comparative Political Systems and International RelationsLimited Authorization:Supplementary Auth: Social ScienceIntro Supplementary Auth: Introductory Social ScienceIntro Subject Matter Auth: Introductory Social Science,
9198,Advanced Placement (AP) Microeconomics,Social Science,General Education,Full Authorization:Single Subject: Social ScienceSpecific Supplementary Auth: Economics; Economics and Consumer EducationSpecific Subject Matter Auth: Economics (social science)Limited Authorization:Supplementary Auth: Social ScienceIntro Supplementary Auth: Introductory Social ScienceIntro Subject Matter Auth: Introductory Social Science,
9199,Advanced Placement (AP) Macroeconomics,Social Science,General Education,Full Authorization:Single Subject: Social ScienceSpecific Supplementary Auth: Economics; Economics and Consumer EducationSpecific Subject Matter Auth: Economics (social science)Limited Authorization:Supplementary Auth: Social ScienceIntro Supplementary Auth: Introductory Social ScienceIntro Subject Matter Auth: Introductory Social Science,
9200,College Credit Course - History/ Social Science,Social Science,General Education,Full Authorization:Single Subject: Social ScienceLimited Authorization:Supplementary Auth: Social Science,
9201,Pre-AP World History and Geography,Social Science,General Education,Full Authorization:Single Subject: Social ScienceSpecific Supplementary Auth: World History; GeographySpecific Subject Matter Auth: History; GeographyLimited Authorization:Supplementary Auth: Social ScienceIntro Supplementary Auth: Introductory Social ScienceIntro Subject Matter Auth: Introductory Social Science,
9207,"Homeroom, study hall - No Credits or Grades",Elective,General Education,,"Any credentialed teacher, regardless of preparation status can staff"
9208,Student Assistant - No Credits or Grades,Elective,General Education,,"Any credentialed teacher, regardless of preparation status can staff"
9209,Teacher Preparation,,,,Not checked in CalSAAS
9210,Academic Decathlon,Elective,General Education,,Checked against requirements of Title 5 80005(b)Requires credential based on bachelors degree and student teachingNo Emergency documents
9211,A.V.I.D. Advancement via Individual Determination,Elective,General Education,,Checked against requirements of Title 5 80005(b)Requires credential based on bachelors degree and student teachingNo Emergency documents
9212,Community Service,Elective,General Education,,Checked against requirements of Title 5 80005(b)Requires credential based on bachelors degree and student teachingNo Emergency documents
9213,Teen Parenting,Home Economics,General Education,Full Authorization:Single Subject: Home EconomicsSpecific Supplementary Auth: Clothing and Textiles (Home Economics); Family Life and Parenting (Home Economics)Limited Authorization:Supplementary Auth: Home EconomicsIntro Supplementary Auth: Introductory Home Economics,
9214,(Teacher Librarian) Information and Digital Literacy and Digital Citizenship,Digital Literacy,General Education,Full Authorization:Special Class Authorization,
9215,Free period or No Educational Content,Elective,General Education,,Not checked in CalSAAS
9216,Student Assistant - Elective Credits or Grades,Elective,General Education,,"Checked against requirements of Title 5 80005(b)Requires credential based on bachelors degree and student teachingNo Emergency documentsIf the Student Assistant is supporting the educator's preparation for a CTE course and holds the appropriate CTE credential, then users can determine any resulting exceptions as Appropriate Assignment"
9217,"Homeroom, Study hall - Elective Credits or Grades",Elective,General Education,,Checked against requirements of Title 5 80005(b)Requires credential based on bachelors degree and student teachingNo Emergency documents
9218,Skills Center/ Study Skills/ College Readiness,Elective,General Education,,Checked against requirements of Title 5 80005(b)Requires credential based on bachelors degree and student teachingNo Emergency documents
9219,Student Government,Elective,General Education,,Checked against requirements of Title 5 80005(b)Requires credential based on bachelors degree and student teachingNo Emergency documents
9220,Life Skills,Elective,General Education,,Checked against requirements of Title 5 80005(b)Requires credential based on bachelors degree and student teachingNo Emergency documents
9221,Peer Counseling/ Conflict Management,Elective,General Education,,Checked against requirements of Title 5 80005(b)Requires credential based on bachelors degree and student teachingNo Emergency documents
9222-01,Applied Science Technology Engineering and Mathematics (STEM) -  Aeronautics,STEM/STEAM,General Education,Full Authorization:Single Subject: Science: Physics; Industrial and Technology EducationLimited Authorization:Supplementary Auth: Industrial ArtsIntro Supplementary Auth: Introductory Industrial Arts,Refer to the STEM web resource for more information.
9222-02,Applied Science Technology Engineering and Mathematics (STEM) - Application Development,STEM/STEAM,General Education,Full Authorization:Single Subject: Business; Mathematics; Industrial and Technology Education; ArtSpecific Supplementary Auth: Computer ScienceLimited Authorization:Supplementary Auth: Business; Computer Science; Industrial Arts; ArtIntro Supplementary Auth: Introductory Business; Introductory Computer Science; Introductory Industrial Arts; Introductory ArtIntro Subject Matter Auth: Introductory Art,Refer to the STEM web resource for more information.
9222-03,Applied Science Technology Engineering and Mathematics (STEM) - Architecture,STEM/STEAM,General Education,Full Authorization:Single Subject: Mathematics; Industrial and Technology Education; Art; Science: PhysicsLimited Authorization:Supplementary Auth: Industrial Arts; ArtIntro Supplementary Auth: Introductory Industrials Arts; Introductory ArtIntro Subject Matter Auth: Introductory Art,Refer to the STEM web resource for more information.
9222-04,Applied Science Technology Engineering and Mathematics (STEM) - Computer Science Applications,STEM/STEAM,General Education,Full Authorization:Single Subject: Business; Mathematics; Industrial and Technology Education; ArtSpecific Supplementary Auth: Computer ScienceLimited Authorization:Supplementary Auth: Business; Computer Science; Industrial Arts; ArtIntro Supplementary Auth: Introductory Business; Introductory Computer Science; Introductory Industrial Arts; Introductory ArtIntro Subject Matter Auth: Introductory Art,Refer to the STEM web resource for more information.
9222-05,Applied Science Technology Engineering and Mathematics (STEM) - Design and Modeling,STEM/STEAM,General Education,Full Authorization:Single Subject: Mathematics; Industrial and Technology Education; ArtSpecific Supplementary Auth: Computer ScienceLimited Authorization:Supplementary Auth: Computer Science; Industrial Arts; ArtIntro Supplementary Auth: Introductory Industrial Arts; Introductory ArtIntro Subject Matter Auth: Introductory Art,Refer to the STEM web resource for more information.
9222-06,Applied Science Technology Engineering and Mathematics (STEM) - Electricity and Electrons,STEM/STEAM,General Education,Full Authorization:Single Subject: Science: Physics; Industrial and Technology Education; Science: ChemistrySpecific Supplementary Auth: ElectronicsLimited Authorization:Supplementary Auth: Industrial ArtsIntro Supplementary Auth: Introductory Industrial Arts,Refer to the STEM web resource for more information.
9222-07,Applied Science Technology Engineering and Mathematics (STEM) - Energy and the Environment,STEM/STEAM,General Education,Full Authorization:Single Subject: Science: Physics; Industrial and Technology Education; Science: Chemistry; Science: Biological SciencesLimited Authorization:Supplementary Auth: Industrial ArtsIntro Supplementary Auth: Introductory Industrial Arts; Introductory ScienceIntro Subject Matter Auth: Introductory Science,Refer to the STEM web resource for more information.
9222-08,Applied Science Technology Engineering and Mathematics (STEM) - Medical Exploration,STEM/STEAM,General Education,Full Authorization:Single Subject: Science: Biological Sciences; Health ScienceLimited Authorization:Intro Supplementary Auth: Introductory ScienceIntro Subject Matter Auth: Introductory Science,Refer to the STEM web resource for more information.
9222-09,Applied Science Technology Engineering and Mathematics (STEM) - Robotics,STEM/STEAM,General Education,Full Authorization:Single Subject: Mathematics; Industrial and Technology Education; Science: PhysicsLimited Authorization:Supplementary Auth: Industrial Arts; Computer ScienceIntro Supplementary Auth: Introductory Industrial Arts; Introductory Computer Science,Refer to the STEM web resource for more information.
9222-10,Applied Science Technology Engineering and Mathematics (STEM) - Technology,STEM/STEAM,General Education,Full Authorization:Single Subject: Mathematics; Industrial and Technology Education; Science: Physics; BusinessLimited Authorization:Supplementary Auth: Industrial Arts; BusinessIntro Supplementary Auth: Introductory Industrial Arts; Introductory Business,Refer to the STEM web resource for more information.
9222-11,Applied Science Technology Engineering and Mathematics (STEM) - Engineering,STEM/STEAM,General Education,Full Authorization:Single Subject: Mathematics; Industrial and Technology Education; Science: Physics; BusinessLimited Authorization:Supplementary Auth: Industrial Arts; BusinessIntro Supplementary Auth: Introductory Industrial Arts; Introductory Business,Refer to the STEM web resource for more information.
9222-NA,Applied Science Technology Engineering and Mathematics (STEM) - Multiple or Not Applicable,STEM/STEAM,General Education,,Will always produce exception in CalSAAS. Refer to the STEM web resource for more information.
9223-01,Humanities - Art Emphasis,Art,General Education,Full Authorization:Single Subject: ArtLimited Authorization:Supplementary Auth: ArtIntro Supplementary Auth: Introductory ArtIntro Subject Matter Auth: Introductory Art,
9223-02,Humanities - English Emphasis,English,General Education,Full Authorization:Single Subject: EnglishSpecific Supplementary Auth: LiteratureSpecific Subject Matter Auth: LiteratureLimited Authorization:Supplementary Auth: EnglishIntro Supplementary Auth: Introductory EnglishIntro Subject Matter Auth: Introductory English,
9223-03,Humanities - History-Social Science Emphasis,Social Science,General Education,Full Authorization:Single Subject: Social ScienceSpecific Supplementary Auth: World HistorySpecific Subject Matter Auth: HistoryLimited Authorization:Supplementary Auth: Social ScienceIntro Supplementary Auth: Introductory Social ScienceIntro Subject Matter Auth: Introductory Social Science,
9224,Yearbook,Elective,General Education,Full Authorization:Single Subject: Art; EnglishLimited Authorization:Supplementary Auth: Art; EnglishIntro Supplementary Auth: Introductory Art; Introductory EnglishIntro Subject Matter Auth: Introductory Art; Introductory English,
9225,Advanced Placement (AP) Research,Elective,General Education,Full Authorization:Currently issued Single Subject credential,Monitoring authorities are advised to review course content
9226,Advanced Placement (AP) Seminar,Elective,General Education,Full Authorization:Currently issued Single Subject credential,Monitoring authorities are advised to review course content
9227,College Credit Course - Other,Elective,General Education,Full Authorization:Currently issued Single Subject credential,Monitoring authorities are advised to review course content
9228,Non-Core Academic Elective,Elective,General Education,Full Authorization:Currently issued Single Subject credential,Monitoring authorities are advised to review course content
9229,Social-Emotional Learning,Elective,General Education,,Checked against requirements of Title 5 80005(b)Requires credential based on bachelors degree and student teachingNo Emergency documents
9230,Response to Intervention (RTI)/ Multi-tiered Systems of Support (MTSS),Elective,General Education,,Checked against requirements of Title 5 80005(b)Requires credential based on bachelors degree and student teachingNo Emergency documents
9231,Special Education Support-Resource Specialist Program (RSP),Resource Services,Special Education,Full Authorization:Resource Specialist Added AuthorizationEducation Specialist Instruction Credential: Mild/ Moderate Disabilities; Mild to Moderate Support Needs; Moderate/ Severe Disabilities; Extensive Support Needs; Early Childhood Special Education; Deaf and Hard-of- Hearing; Visual Impairments; Physical and Health Impairments; Language and Academic Development,
9232,Home Economics,Home Economics,General Education,Full Authorization:Single Subject: Home EconomicsSpecific Supplementary Auth: Clothing and Textiles (Home Economics)Limited Authorization:Supplementary Auth: Home EconomicsIntro Supplementary Auth: Introductory Home Economics,
9233,Mathematics Engineering Science Achievement (MESA),STEM-STEAM,General Education,Full Authorization:Single Subject: Mathematics; Industrial and Technology Education; Science: PhysicsLimited Authorization:Supplementary Auth: Industrial ArtsIntro Supplementary Auth: Introductory Industrial Arts,
9235,International Baccalaureate Middle Years Programme (IB MYP) Interdisciplinary Learning,Elective,General Education,,Will always produce exception in CalSAAS
9236,Elementary or Middle School Career Pathway Preparation,Elective,General Education,,Will always produce exception in CalSAAS. Authorization required for assignment is determined by the primary course content.
9237,Supervised suspension classroom,Elective,General Education,,Checked against requirements of Title 5 80005(b)Requires credential based on bachelors degree and student teachingNo Emergency documents
9238,(Teacher Librarian) Guided Library Time,Librarian,Services,Full Authorization:Teacher Librarian,
9240,Math (Departmentalized K-8),Mathematics,General Education,Full Authorization:Single Subject: Mathematics; Foundational- Level MathematicsMathematics Instructional Added AuthorizationMathematics Instructional Leadership SpecialistLimited Authorization:Supplementary Auth: MathematicsIntro Supplementary Auth: Introductory MathematicsIntro Subject Matter Auth: Introductory Mathematics,
9241,Integrated Mathematics I,Mathematics,General Education,Full Authorization:Single Subject: Mathematics; Foundational- Level MathematicsMathematics Instructional Added AuthorizationMathematics Instructional Leadership SpecialistLimited Authorization:Supplementary Auth: MathematicsIntro Supplementary Auth: Introductory MathematicsIntro Subject Matter Auth: Introductory Mathematics,
9242,Integrated Mathematics II,Mathematics,General Education,Full Authorization:Single Subject: Mathematics; Foundational- Level MathematicsLimited Authorization:Supplementary Auth: MathematicsIntro Supplementary Auth: Introductory MathematicsIntro Subject Matter Auth: Introductory Mathematics,
9243,Integrated Mathematics III,Mathematics,General Education,Full Authorization:Single Subject: MathematicsLimited Authorization:Supplementary Auth: MathematicsIntro Supplementary Auth: Introductory MathematicsIntro Subject Matter Auth: Introductory Mathematics,
9244,Integrated Mathematics IV,Mathematics,General Education,Full Authorization:Single Subject: MathematicsLimited Authorization:Supplementary Auth: MathematicsIntro Supplementary Auth: Introductory MathematicsIntro Subject Matter Auth: Introductory Mathematics,
9245,Foundational Math Support,Mathematics,General Education,Full Authorization:Single Subject: Mathematics; Foundational- Level MathematicsMathematics Instructional Added AuthorizationMathematics Instructional Leadership SpecialistLimited Authorization:Supplementary Auth: MathematicsIntro Supplementary Auth: Introductory MathematicsIntro Subject Matter Auth: Introductory Mathematics,
9246,Higher Math Support,Mathematics,General Education,Full Authorization:Single Subject: Mathematics; Foundational- Level MathematicsMathematics Instructional Added AuthorizationMathematics Instructional Leadership SpecialistLimited Authorization:Supplementary Auth: MathematicsIntro Supplementary Auth: Introductory MathematicsIntro Subject Matter Auth: Introductory Mathematics,
9247,Math Analysis,Mathematics,General Education,Full Authorization:Single Subject: Mathematics; Foundational- Level MathematicsMathematics Instructional Added AuthorizationMathematics Instructional Leadership Specialist,
9248,Pre-Algebra,Mathematics,General Education,Full Authorization:Single Subject: Mathematics; Foundational- Level MathematicsMathematics Instructional Added AuthorizationMathematics Instructional Leadership SpecialistLimited Authorization:Supplementary Auth: MathematicsIntro Supplementary Auth: Introductory MathematicsIntro Subject Matter Auth: Introductory Mathematics,
9249,Algebra I,Mathematics,General Education,Full Authorization:Single Subject: Mathematics; Foundational- Level MathematicsMathematics Instructional Added AuthorizationMathematics Instructional Leadership SpecialistLimited Authorization:Supplementary Auth: MathematicsIntro Supplementary Auth: Introductory MathematicsIntro Subject Matter Auth: Introductory Mathematics,
9250,Algebra IA,Mathematics,General Education,Full Authorization:Single Subject: Mathematics; Foundational- Level MathematicsMathematics Instructional Added AuthorizationMathematics Instructional Leadership SpecialistLimited Authorization:Supplementary Auth: MathematicsIntro Supplementary Auth: Introductory MathematicsIntro Subject Matter Auth: Introductory Mathematics,
9251,Algebra IB,Mathematics,General Education,Full Authorization:Single Subject: Mathematics; Foundational- Level MathematicsMathematics Instructional Added AuthorizationMathematics Instructional Leadership SpecialistLimited Authorization:Supplementary Auth: MathematicsIntro Supplementary Auth: Introductory MathematicsIntro Subject Matter Auth: Introductory Mathematics,
9252,Algebra II,Mathematics,General Education,Full Authorization:Single Subject: Mathematics; Foundational- Level MathematicsLimited Authorization:Supplementary Auth: MathematicsIntro Supplementary Auth: Introductory MathematicsIntro Subject Matter Auth: Introductory Mathematics,
9253,Algebra II and Trigonometry,Mathematics,General Education,Full Authorization:Single Subject: MathematicsLimited Authorization:Supplementary Auth: MathematicsIntro Supplementary Auth: Introductory MathematicsIntro Subject Matter Auth: Introductory Mathematics,
9254,Algebra - Financial,Mathematics,General Education,Full Authorization:Single Subject: Mathematics; Foundational- Level MathematicsMathematics Instructional Added AuthorizationMathematics Instructional Leadership SpecialistLimited Authorization:Supplementary Auth: MathematicsIntro Supplementary Auth: Introductory MathematicsIntro Subject Matter Auth: Introductory Mathematics,
9255,Geometry,Mathematics,General Education,Full Authorization:Single Subject: Mathematics; Foundational- Level MathematicsLimited Authorization:Supplementary Auth: MathematicsIntro Supplementary Auth: Introductory MathematicsIntro Subject Matter Auth: Introductory Mathematics,
9256,Trigonometry,Mathematics,General Education,Full Authorization:Single Subject: MathematicsLimited Authorization:Supplementary Auth: MathematicsIntro Supplementary Auth: Introductory MathematicsIntro Subject Matter Auth: Introductory Mathematics,
9257,Pre-Calculus,Mathematics,General Education,Full Authorization:Single Subject: MathematicsLimited Authorization:Supplementary Auth: MathematicsIntro Supplementary Auth: Introductory MathematicsIntro Subject Matter Auth: Introductory Mathematics,
9258,Calculus (Non-Advanced Placement),Mathematics,General Education,Full Authorization:Single Subject: MathematicsLimited Authorization:Supplementary Auth: MathematicsIntro Supplementary Auth: Introductory MathematicsIntro Subject Matter Auth: Introductory Mathematics,
9259,Probability and Statistics (Non-Advanced Placement),Mathematics,General Education,Full Authorization:Single Subject: Mathematics; Foundational- Level MathematicsLimited Authorization:Supplementary Auth: MathematicsIntro Supplementary Auth: Introductory MathematicsIntro Subject Matter Auth: Introductory Mathematics,
9260,Consumer Math,Mathematics,General Education,Full Authorization:Single Subject: Mathematics; Foundational- Level MathematicsLimited Authorization:Supplementary Auth: MathematicsIntro Supplementary Auth: Introductory MathematicsIntro Subject Matter Auth: Introductory Mathematics,
9261,International Baccalaureate Middle Years Programme (IB MYP) Algebra II,Mathematics,General Education,Full Authorization:Single Subject: Mathematics; Foundational- Level MathematicsLimited Authorization:Supplementary Auth: MathematicsIntro Supplementary Auth: Introductory MathematicsIntro Subject Matter Auth: Introductory Mathematics,
9263,International Baccalaureate Middle Years Programme (IB MYP) Geometry and/or Trigonometry,Mathematics,General Education,Full Authorization:Single Subject: Mathematics; Foundational- Level MathematicsLimited Authorization:Supplementary Auth: MathematicsIntro Supplementary Auth: Introductory MathematicsIntro Subject Matter Auth: Introductory Mathematics,
9264,International Baccalaureate Middle Years Programme (IB MYP) Algebra I,Mathematics,General Education,Full Authorization:Single Subject: Mathematics; Foundational- Level MathematicsMathematics Instructional Added AuthorizationMathematics Instructional Leadership SpecialistLimited Authorization:Supplementary Auth: MathematicsIntro Supplementary Auth: Introductory MathematicsIntro Subject Matter Auth: Introductory Mathematics,
9266,Advanced Placement (AP) Statistics,Mathematics,General Education,Full Authorization:Single Subject: Mathematics; Foundational- Level MathematicsLimited Authorization:Supplementary Auth: MathematicsIntro Supplementary Auth: Introductory MathematicsIntro Subject Matter Auth: Introductory Mathematics,
9267,Advanced Placement (AP) Calculus BC,Mathematics,General Education,Full Authorization:Single Subject: MathematicsLimited Authorization:Supplementary Auth: MathematicsIntro Supplementary Auth: Introductory MathematicsIntro Subject Matter Auth: Introductory Mathematics,
9268,Advanced Placement (AP) Calculus AB,Mathematics,General Education,Full Authorization:Single Subject: MathematicsLimited Authorization:Supplementary Auth: MathematicsIntro Supplementary Auth: Introductory MathematicsIntro Subject Matter Auth: Introductory Mathematics,
9273,College Credit Course - Mathematics,Mathematics,General Education,Full Authorization:Single Subject: MathematicsLimited Authorization:Supplementary Auth: Mathematics,
9274,Pre-Calculus and Trigonometry,Mathematics,General Education,Full Authorization:Single Subject: MathematicsLimited Authorization:Supplementary Auth: MathematicsIntro Supplementary Auth: Introductory MathematicsIntro Subject Matter Auth: Introductory Mathematics,
9275,Integrated Mathematics IA,Mathematics,General Education,Full Authorization:Single Subject: Mathematics; Foundational- Level MathematicsMathematics Instructional Added AuthorizationMathematics Instructional Leadership SpecialistLimited Authorization:Supplementary Auth: MathematicsIntro Supplementary Auth: Introductory MathematicsIntro Subject Matter Auth: Introductory Mathematics,
9276,Integrated Mathematics IB,Mathematics,General Education,Full Authorization:Single Subject: Mathematics; Foundational- Level MathematicsMathematics Instructional Added AuthorizationMathematics Instructional Leadership SpecialistLimited Authorization:Supplementary Auth: MathematicsIntro Supplementary Auth: Introductory MathematicsIntro Subject Matter Auth: Introductory Mathematics,
9277,Compacted Middle School Math,Mathematics,General Education,Full Authorization:Single Subject: Mathematics; Foundational- Level MathematicsMathematics Instructional Added AuthorizationMathematics Instructional Leadership SpecialistLimited Authorization:Supplementary Auth: MathematicsIntro Supplementary Auth: Introductory MathematicsIntro Subject Matter Auth: Introductory Mathematics,
9278,Compacted High School Math,Mathematics,General Education,Full Authorization:Single Subject: Mathematics; Foundational- Level MathematicsMathematics Instructional Added AuthorizationMathematics Instructional Leadership SpecialistLimited Authorization:Supplementary Auth: MathematicsIntro Supplementary Auth: Introductory MathematicsIntro Subject Matter Auth: Introductory Mathematics,
9279,Pre-AP Algebra I,Mathematics,General Education,Full Authorization:Single Subject: Mathematics; Foundational- Level MathematicsMathematics Instructional Added AuthorizationMathematics Instructional Leadership SpecialistLimited Authorization:Supplementary Auth: MathematicsIntro Supplementary Auth: Introductory MathematicsIntro Subject Matter Auth: Introductory Mathematics,
9280,Math Reasoning with Connections (MRWC),Mathematics,General Education,Full Authorization:Single Subject: Mathematics,
9281,International Baccalaureate (IB)  Mathematics: analysis and approaches SL,Mathematics,General Education,Full Authorization:Single Subject: MathematicsLimited Authorization:Supplementary Auth: MathematicsIntro Supplementary Auth: Introductory MathematicsIntro Subject Matter Auth: Introductory Mathematics,
9282,International Baccalaureate (IB) Mathematics: analysis and approaches HL,Mathematics,General Education,Full Authorization:Single Subject: MathematicsLimited Authorization:Supplementary Auth: MathematicsIntro Supplementary Auth: Introductory MathematicsIntro Subject Matter Auth: Introductory Mathematics,
9283,International Baccalaureate (IB) Mathematics: applications and interpretation SL,Mathematics,General Education,Full Authorization:Single Subject: MathematicsLimited Authorization:Supplementary Auth: MathematicsIntro Supplementary Auth: Introductory MathematicsIntro Subject Matter Auth: Introductory Mathematics,
9284,International Baccalaureate (IB) Mathematics: applications and interpretation HL,Mathematics,General Education,Full Authorization:Single Subject: MathematicsLimited Authorization:Supplementary Auth: MathematicsIntro Supplementary Auth: Introductory MathematicsIntro Subject Matter Auth: Introductory Mathematics,
9285,International Baccalaureate Middle Years Programme (IB MYP) Numbers,Mathematics,General Education,Full Authorization:Single Subject: Mathematics; Foundational- Level MathematicsLimited Authorization:Supplementary Auth: MathematicsIntro Supplementary Auth: Introductory MathematicsIntro Subject Matter Auth: Introductory Mathematics,
9286,International Baccalaureate Middle Years Programme (IB MYP) Statistics and Probability,Mathematics,General Education,Full Authorization:Single Subject: Mathematics; Foundational- Level MathematicsLimited Authorization:Supplementary Auth: MathematicsIntro Supplementary Auth: Introductory MathematicsIntro Subject Matter Auth: Introductory Mathematics,
9290,Music General/ Classroom/ Exploratory (Departmentalized K-8),Music,General Education,Full Authorization:Single Subject: MusicSpecific Supplementary Auth: Instrumental MusicSpecific Subject Matter Auth: Instrumental MusicLimited Authorization:Supplementary Auth: MusicIntro Supplementary Auth: Introductory MusicIntro Subject Matter Auth: Introductory Music,
9291-01,Music - Instrumental (Performance Based) - Band,Music,General Education,Full Authorization:Single Subject: MusicSpecific Supplementary Auth: Instrumental MusicSpecific Subject Matter Auth: Instrumental MusicLimited Authorization:Intro Supplementary Auth: Introductory MusicIntro Subject Matter Auth: Introductory Music,
9291-02,Music - Instrumental (Performance Based) - Guitar,Music,General Education,Full Authorization:Single Subject: MusicSpecific Supplementary Auth: Instrumental MusicSpecific Subject Matter Auth: Instrumental MusicLimited Authorization:Intro Supplementary Auth: Introductory MusicIntro Subject Matter Auth: Introductory Music,
9291-03,Music - Instrumental (Performance Based) - Ensemble,Music,General Education,Full Authorization:Single Subject: MusicSpecific Supplementary Auth: Instrumental MusicSpecific Subject Matter Auth: Instrumental MusicLimited Authorization:Intro Supplementary Auth: Introductory MusicIntro Subject Matter Auth: Introductory Music,
9291-04,Music - Instrumental (Performance Based) - Orchestra/ Symphony,Music,General Education,Full Authorization:Single Subject: MusicSpecific Supplementary Auth: Instrumental MusicSpecific Subject Matter Auth: Instrumental MusicLimited Authorization:Intro Supplementary Auth: Introductory MusicIntro Subject Matter Auth: Introductory Music,
9291-05,Music - Instrumental (Performance Based) - Piano,Music,General Education,Full Authorization:Single Subject: MusicSpecific Supplementary Auth: Instrumental MusicSpecific Subject Matter Auth: Instrumental MusicLimited Authorization:Intro Supplementary Auth: Introductory MusicIntro Subject Matter Auth: Introductory Music,
9291-06,Music - Instrumental (Performance Based) - Music Lessons,Music,General Education,Full Authorization:Single Subject: MusicSpecific Supplementary Auth: Instrumental MusicSpecific Subject Matter Auth: Instrumental MusicLimited Authorization:Intro Supplementary Auth: Introductory MusicIntro Subject Matter Auth: Introductory Music,
9291-07,Music - Instrumental (Performance Based) - Marching Band,Music,General Education,Full Authorization:Single Subject: MusicSpecific Supplementary Auth: Instrumental MusicSpecific Subject Matter Auth: Instrumental MusicLimited Authorization:Intro Supplementary Auth: Introductory MusicIntro Subject Matter Auth: Introductory Music,
9291-08,Music - Instrumental (Performance Based) - Color Guard,Music,General Education,Full Authorization:Single Subject: Music; Physical EducationSpecific Supplementary Auth: Instrumental Music; DanceSpecific Subject Matter Auth: Instrumental Music; DanceLimited Authorization:Supplementary Auth: Physical EducationIntro Supplementary Auth: Introductory Music; Introductory Physical EducationIntro Subject Matter Auth: Introductory Music,
9291-N/A,Music - Instrumental (Performance Based) - Multiple or Not Applicable,Music,General Education,Full Authorization:Single Subject: MusicSpecific Supplementary Auth: Instrumental MusicSpecific Subject Matter Auth: Instrumental MusicLimited Authorization:Intro Supplementary Auth: Introductory MusicIntro Subject Matter Auth: Introductory Music,
9292-01,Music - Instrumental (Non-Performance Based) - Band,Music,General Education,Full Authorization:Single Subject: MusicSpecific Supplementary Auth: Instrumental MusicSpecific Subject Matter Auth: Instrumental MusicLimited Authorization:Intro Supplementary Auth: Introductory MusicIntro Subject Matter Auth: Introductory Music,
9292-02,Music - Instrumental (Non-Performance Based) - Guitar,Music,General Education,Full Authorization:Single Subject: MusicSpecific Supplementary Auth: Instrumental MusicSpecific Subject Matter Auth: Instrumental MusicLimited Authorization:Intro Supplementary Auth: Introductory MusicIntro Subject Matter Auth: Introductory Music,
9292-03,Music - Instrumental (Non-Performance Based) - Ensemble,Music,General Education,Full Authorization:Single Subject: MusicSpecific Supplementary Auth: Instrumental MusicSpecific Subject Matter Auth: Instrumental MusicLimited Authorization:Intro Supplementary Auth: Introductory MusicIntro Subject Matter Auth: Introductory Music,
9292-04,Music - Instrumental (Non-Performance Based) - Orchestra/ Symphony,Music,General Education,Full Authorization:Single Subject: MusicSpecific Supplementary Auth: Instrumental MusicSpecific Subject Matter Auth: Instrumental MusicLimited Authorization:Intro Supplementary Auth: Introductory MusicIntro Subject Matter Auth: Introductory Music,
9292-05,Music - Instrumental (Non-Performance Based) - Piano,Music,General Education,Full Authorization:Single Subject: MusicSpecific Supplementary Auth: Instrumental MusicSpecific Subject Matter Auth: Instrumental MusicLimited Authorization:Intro Supplementary Auth: Introductory MusicIntro Subject Matter Auth: Introductory Music,
9292-06,Music - Instrumental (Non-Performance Based) - Music Lessons,Music,General Education,Full Authorization:Single Subject: MusicSpecific Supplementary Auth: Instrumental MusicSpecific Subject Matter Auth: Instrumental MusicLimited Authorization:Intro Supplementary Auth: Introductory MusicIntro Subject Matter Auth: Introductory Music,
9292-07,Music - Instrumental (Non-Performance Based) - Marching Band,Music,General Education,Full Authorization:Single Subject: MusicSpecific Supplementary Auth: Instrumental MusicSpecific Subject Matter Auth: Instrumental MusicLimited Authorization:Intro Supplementary Auth: Introductory MusicIntro Subject Matter Auth: Introductory Music,
9292-08,Music - Instrumental (Non-Performance Based) - Color Guard,Music,General Education,Full Authorization:Single Subject: Music; Physical EducationSpecific Supplementary Auth: Instrumental Music; DanceSpecific Subject Matter Auth: Instrumental Music; DanceLimited Authorization:Supplementary Auth: Physical EducationIntro Supplementary Auth: Introductory Music; Introductory Physical EducationIntro Subject Matter Auth: Introductory Music,
9292-N/A,Music - Instrumental (Non-Performance Based) - Multiple or Not Applicable,Music,General Education,Full Authorization:Single Subject: MusicSpecific Supplementary Auth: Instrumental MusicSpecific Subject Matter Auth: Instrumental MusicLimited Authorization:Intro Supplementary Auth: Introductory MusicIntro Subject Matter Auth: Introductory MusicIntro Subject Matter Auth: Introductory Music,
9293-01,Music - Vocal (Performance-Based) - Choir/ Chorus/ Vocal Ensemble,Music,General Education,Full Authorization:Single Subject: MusicSpecific Supplementary Auth: Vocal MusicSpecific Subject Matter Auth: Vocal MusicLimited Authorization:Intro Supplementary Auth: Introductory MusicIntro Subject Matter Auth: Introductory Music,
9293-02,Music - Vocal (Performance-Based) - Voice Lessons,Music,General Education,Full Authorization:Single Subject: MusicSpecific Supplementary Auth: Vocal MusicSpecific Subject Matter Auth: Vocal MusicLimited Authorization:Intro Supplementary Auth: Introductory MusicIntro Subject Matter Auth: Introductory Music,
9293-N/A,Music - Vocal (Performance-Based) - Multiple or Not Applicable,Music,General Education,Full Authorization:Single Subject: MusicSpecific Supplementary Auth: Vocal MusicSpecific Subject Matter Auth: Vocal MusicLimited Authorization:Intro Supplementary Auth: Introductory MusicIntro Subject Matter Auth: Introductory Music,
9294-01,Music - Vocal (Non-Performance-Based) - Choir/ Chorus/ Vocal Ensemble,Music,General Education,Full Authorization:Single Subject: MusicSpecific Supplementary Auth: Vocal MusicSpecific Subject Matter Auth: Vocal MusicLimited Authorization:Intro Supplementary Auth: Introductory MusicIntro Subject Matter Auth: Introductory Music,
9294-02,Music - Vocal (Non-Performance-Based) - Voice Lessons,Music,General Education,Full Authorization:Single Subject: MusicSpecific Supplementary Auth: Vocal MusicSpecific Subject Matter Auth: Vocal MusicLimited Authorization:Intro Supplementary Auth: Introductory MusicIntro Subject Matter Auth: Introductory Music,
9294-N/A,Music - Vocal (Non-Performance-Based) - Multiple or Not Applicable,Music,General Education,Full Authorization:Single Subject: MusicSpecific Supplementary Auth: Vocal MusicSpecific Subject Matter Auth: Vocal MusicLimited Authorization:Intro Supplementary Auth: Introductory MusicIntro Subject Matter Auth: Introductory Music,
9295,Music appreciation,Music,General Education,Full Authorization:Single Subject: MusicLimited Authorization:Intro Supplementary Auth: Introductory MusicIntro Subject Matter Auth: Introductory Music,
9296,Musical Theatre,Music,General Education,Full Authorization:Single Subject: Music; TheaterSpecific Supplementary Auth: DramaSpecific Subject Matter Auth: Drama/ TheatreLimited Authorization:Supplementary Auth: TheaterIntro Supplementary Auth: Introductory Music; Introductory TheaterIntro Subject Matter Auth: Introductory Music; Introductory Theater,
9297,Music Technology/ Electronic Music,Music,General Education,Full Authorization:Single Subject: MusicSpecific Supplementary Auth: Instrumental MusicSpecific Subject Matter Auth: Instrumental MusicLimited Authorization:Supplementary Auth: MusicIntro Supplementary Auth: Introductory MusicIntro Subject Matter Auth: Introductory Music,
9298,Music Recording and Production,Music,General Education,Full Authorization:Single Subject: MusicLimited Authorization:Intro Supplementary Auth: Introductory MusicIntro Subject Matter Auth: Introductory Music,
9299,Music Composition/ Songwriting,Music,General Education,Full Authorization:Single Subject: MusicLimited Authorization:Supplementary Auth: MusicIntro Supplementary Auth: Introductory MusicIntro Subject Matter Auth: Introductory Music,
9300,Advanced Placement (AP) Music Theory,Music,General Education,Full Authorization:Single Subject: MusicLimited Authorization:Intro Supplementary Auth: Introductory MusicIntro Subject Matter Auth: Introductory Music,
9301,International Baccalaureate Middle Years Programme (IB MYP) Music,Music,General Education,Full Authorization:Single Subject: MusicLimited Authorization:Supplementary Auth: MusicIntro Supplementary Auth: Introductory MusicIntro Subject Matter Auth: Introductory Music,
9302,International Baccalaureate (IB) Music,Music,General Education,Full Authorization:Single Subject: MusicLimited Authorization:Supplementary Auth: MusicIntro Supplementary Auth: Introductory MusicIntro Subject Matter Auth: Introductory Music,
9303,College Credit Course - Music,Music,General Education,Full Authorization:Single Subject: MusicLimited Authorization:Supplementary Auth: Music,
9304,Pre-AP Music,Music,General Education,Full Authorization:Single Subject: MusicLimited Authorization:Supplementary Auth: MusicIntro Supplementary Auth: Introductory MusicIntro Subject Matter Auth: Introductory Music,
9310,Physical Education (Departmentalized K-5),Physical Education,General Education,Full Authorization:Single Subject: Physical EducationLimited Authorization:Supplementary Auth: Physical EducationIntro Supplementary Auth: Introductory Physical Education,
9311,Physical Education (Departmentalized 6-8),Physical Education,General Education,Full Authorization:Single Subject: Physical EducationLimited Authorization:Supplementary Auth: Physical EducationIntro Supplementary Auth: Introductory Physical Education,
9312,Modified or Specially Designed Physical Education Grades 7-12,Adapted Physical Education,Special Education,Full Authorization:Single Subject: Physical EducationLimited Authorization:Supplementary Auth: Physical EducationIntro Supplementary Auth: Introductory Physical Education,
9313,Adapted Physical Education,Adapted Physical Education,Special Education,Full Authorization:Adapted Physical Education Added Authorization,
9314,Physical Education I,Physical Education,General Education,Full Authorization:Single Subject: Physical EducationLimited Authorization:Supplementary Auth: Physical EducationIntro Supplementary Auth: Introductory Physical Education,
9315,Physical Education II,Physical Education,General Education,Full Authorization:Single Subject: Physical Education,
9316-01,Elective Physical Education - Adventure/ Outdoor Activities,Physical Education,General Education,Full Authorization:Single Subject: Physical EducationLimited Authorization:Supplementary Auth: Physical EducationIntro Supplementary Auth: Introductory Physical Education,
9316-02,Elective Physical Education - Interscholastic Athletics,Physical Education,General Education,Full Authorization:Single Subject: Physical EducationLimited Authorization:Supplementary Auth: Physical EducationIntro Supplementary Auth: Introductory Physical Education,
9316-03,Elective Physical Education - Weight Training and Fitness,Physical Education,General Education,Full Authorization:Single Subject: Physical EducationLimited Authorization:Supplementary Auth: Physical EducationIntro Supplementary Auth: Introductory Physical Education,
9316-04,Elective Physical Education - Aerobic Activities,Physical Education,General Education,Full Authorization:Single Subject: Physical EducationLimited Authorization:Supplementary Auth: Physical EducationIntro Supplementary Auth: Introductory Physical Education,
9316-05,Elective Physical Education - Aquatic Activities,Physical Education,General Education,Full Authorization:Single Subject: Physical EducationLimited Authorization:Supplementary Auth: Physical EducationIntro Supplementary Auth: Introductory Physical Education,
9316-06,Elective Physical Education - Dance,Physical Education,General Education,Full Authorization:Single Subject: DanceSpecific Supplementary Auth: DanceSpecific Subject Matter Auth: DanceLimited Authorization:Supplementary Auth: Physical EducationIntro Supplementary Auth: Introductory Physical Education,"Physical Education authorizations issued prior to 2022 (e.g. PE, PEX, etc.) are authorized to teach dance content. See Coded 21-01 for more details."
9316-07,Elective Physical Education - Individual and Dual Activities,Physical Education,General Education,Full Authorization:Single Subject: Physical EducationLimited Authorization:Supplementary Auth: Physical EducationIntro Supplementary Auth: Introductory Physical Education,
9316-N/A,Elective Physical Education - Multiple or Not Applicable,Physical Education,General Education,Full Authorization:Single Subject: Physical EducationLimited Authorization:Supplementary Auth: Physical EducationIntro Supplementary Auth: Introductory Physical Education,
9317,International Baccalaureate Middle Years Programme (IB MYP) Physical Education,Physical Education,General Education,Full Authorization:Single Subject: Physical EducationLimited Authorization:Supplementary Auth: Physical EducationIntro Supplementary Auth: Introductory Physical Education,
9320,Science (Departmentalized K-6),Science,General Education,Full Authorization:Single Subject: Science: Biological Sciences; Science: Chemistry; Science: Geosciences; Science: Physics; Foundational- Level General ScienceLimited Authorization:Supplementary Auth: ScienceIntro Supplementary Auth: Introductory ScienceIntro Subject Matter Auth: Introductory Science,
9321,Earth and Space Sciences,Science,General Education,Full Authorization:Single Subject: Science: Geosciences; Science: PhysicsSpecific Supplementary Auth: Geosciences; PhysicsSpecific Subject Matter Auth: Geosciences; Physics,
9322,Life Sciences,Science,General Education,Full Authorization:Single Subject: Science: Biological Sciences; Science: Chemistry; Science: Geosciences; Science: Physics; Foundational- Level General ScienceSpecific Supplementary Auth: Biological ScienceLimited Authorization:Intro Supplementary Auth: Introductory ScienceIntro Subject Matter Auth: Introductory Science,
9323,Physical sciences,Science,General Education,Full Authorization:Single Subject: Science: Biological Sciences; Science: Chemistry; Science: Geosciences; Science: Physics; Foundational-Level General ScienceLimited Authorization:Intro Supplementary Auth: Introductory ScienceIntro Subject Matter Auth: Introductory Science,
9324,Biology,Science,General Education,Full Authorization:Single Subject: Science: Biological SciencesSpecific Supplementary Auth: Biological ScienceSpecific Subject Matter Auth: Biological ScienceLimited Authorization:Intro Supplementary Auth: Introductory ScienceIntro Subject Matter Auth: Introductory Science,
9325,Chemistry,Science,General Education,Full Authorization:Single Subject: Science: ChemistrySpecific Supplementary Auth: ChemistrySpecific Subject Matter Auth: Chemistry,
9326,Physics,Science,General Education,Full Authorization:Single Subject: Science: PhysicsSpecific Supplementary Auth: PhysicsSpecific Subject Matter Auth: Physics,
9327,Integrated Science I,Science,General Education,Full Authorization:Single Subject: Science: Biological Sciences; Science: Chemistry; Science: Geosciences; Science: PhysicsLimited Authorization:Single Subject: Foundational- Level General Science*Intro Supplementary Auth: Introductory ScienceIntro Subject Matter Auth: Introductory Science,*Foundational- Level General Science is limited to grades K-8
9328,Integrated Science II,Science,General Education,Full Authorization:Single Subject: Science: Biological Sciences; Science: Chemistry; Science: Geosciences; Science: PhysicsLimited Authorization:Intro Supplementary Auth: Introductory ScienceIntro Subject Matter Auth: Introductory Science,"If course is in grades K-8, then Foundational- Level General Science is acceptable and users can determine any resulting exceptions as Appropriate Assignments"
9329,Integrated Science III,Science,General Education,Full Authorization:Single Subject: Science: Biological Sciences; Science: Chemistry; Science: Geosciences; Science: PhysicsLimited Authorization:Intro Supplementary Auth: Introductory ScienceIntro Subject Matter Auth: Introductory Science,"If course is in grades K-8, then Foundational- Level General Science is acceptable and users can determine any resulting exceptions as Appropriate Assignments"
9330,Integrated Science IV,Science,General Education,Full Authorization:Single Subject: Science: Biological Sciences; Science: Chemistry; Science: Geosciences; Science: PhysicsLimited Authorization:Intro Supplementary Auth: Introductory ScienceIntro Subject Matter Auth: Introductory Science,"If course is in grades K-8, then Foundational- Level General Science is acceptable and users can determine any resulting exceptions as Appropriate Assignments"
9331,The Living Earth (3-course model),Science,General Education,Full Authorization:Single Subject: Science: Biological Sciences; Life Science,Refer to this webpage for details related to alternative authorizations for this course
9332,Chemistry in the Earth System (3-course model),Science,General Education,Full Authorization:Single Subject: Science: Chemistry; Physical Science,Refer to this webpage for details related to alternative authorizations for this course
9333,Physics of the Universe (3-course model),Science,General Education,Full Authorization:Single Subject: Science: Physics; Physical Science,Refer to this webpage for details related to alternative authorizations for this course
9334,Aerospace education,Science,General Education,Full Authorization:Single Subject: Science: Physics; Industrial and Technology EducationLimited Authorization:Supplementary Auth: Industrial ArtsIntro Supplementary Auth: Introductory Industrial Arts,
9335,Anatomy and Physiology,Science,General Education,Full Authorization:Single Subject: Science: Biological SciencesSpecific Supplementary Auth: Biological Science,
9336,Astronomy,Science,General Education,Full Authorization:Science: GeosciencesSpecific Subject Matter Auth: Geosciences,
9337,Aviation education,Special Subjects,Designated Subjects,Full Authorization:Designated Subjects Special Subjects Teaching Credential: Aviation Flight Instruction; Aviation Ground Instruction,
9338,Botany,Science,General Education,Full Authorization:Single Subject: Science: Biological SciencesSpecific Subject Matter Auth: Plant Science,
9339,Environmental Studies,Science,General Education,Full Authorization:Single Subject: Science: Biological Sciences; Science: Chemistry; Science: Geosciences; Science: PhysicsLimited Authorization:Intro Supplementary Auth: Introductory ScienceIntro Subject Matter Auth: Introductory Science,
9340,Geology,Science,General Education,Full Authorization:Single Subject: Science: Geosciences,
9341,Marine Science,Science,General Education,"Full Authorization:Single Subject: Science: Biological Sciences; Science: Chemistry, Science: Geosciences; Science: PhysicsSpecific Supplementary Auth: Biological ScienceLimited Authorization:Intro Supplementary Auth: Introductory ScienceIntro Subject Matter Auth: Introductory Science",
9342,Meteorology,Science,General Education,Full Authorization:Single Subject: Science: Biological Sciences; Science: Chemistry; Science: Geosciences; Science: PhysicsLimited Authorization:Intro Supplementary Auth: Introductory ScienceIntro Subject Matter Auth: Introductory Science,
9343,Zoology,Science,General Education,Full Authorization:Single Subject: Science: Biological SciencesSpecific Supplementary Auth: Animal Science,
9344,Advanced Placement (AP) Physics 2:  Algebra-based,Science,General Education,Full Authorization:Single Subject: Science: PhysicsSpecific Supplementary Auth: PhysicsSpecific Subject Matter Auth: Physics,
9345,Advanced Placement (AP) Physics 1:  Algebra-based,Science,General Education,Full Authorization:Single Subject: Science: PhysicsSpecific Supplementary Auth: PhysicsSpecific Subject Matter Auth: Physics,
9346,Advanced Placement (AP) Environmental science,Science,General Education,Full Authorization:Single Subject: Science: Biological Sciences; Science: Chemistry; Science: Geosciences; Science: PhysicsLimited Authorization:Intro Supplementary Auth: Introductory ScienceIntro Subject Matter Auth: Introductory Science,
9347,Advanced Placement (AP) Physics C: Electricity and Magnetism,Science,General Education,Full Authorization:Single Subject: Science: PhysicsSpecific Supplementary Auth: PhysicsSpecific Subject Matter Auth: Physics,
9348,Advanced Placement (AP) Physics C: Mechanics,Science,General Education,Full Authorization:Single Subject: Science: PhysicsSpecific Supplementary Auth: PhysicsSpecific Subject Matter Auth: Physics,
9349,Advanced Placement (AP) Chemistry,Science,General Education,Full Authorization:Single Subject: Science: ChemistrySpecific Supplementary Auth: ChemistrySpecific Subject Matter Auth: Chemistry,
9350,Advanced Placement (AP) Biology,Science,General Education,Full Authorization:Single Subject: Science: Biological Sciences,
9351,International Baccalaureate (IB) Sports Exercise and Health Science,Health Science,General Education,Full Authorization:Single Subject: Health Science; Science: Biological Sciences; Science: ChemistrySpecialist Instruction in Health ScienceLimited Authorization:Supplementary Auth: Health ScienceIntro Supplementary Auth: Introductory Health Science,Monitoring authorities advised to review course content. Authorization required for assignment is determined by the primary course content.
9352,International Baccalaureate (IB) Design technology,Industrial and Technology Education,General Education,Full Authorization:Single Subject: Industrial and Technology EducationLimited Authorization:Supplementary Auth: Industrial ArtsIntro Supplementary Auth: Introductory Industrial Arts,
9353,"International Baccalaureate Middle Years Programme (IB MYP) Science (biology, chemistry, or physics)",Science,General Education,Full Authorization:Single Subject: Science: Biological Sciences; Science: Chemistry; Science: PhysicsSpecific Supplementary Auth: Chemistry; PhysicsSpecific Subject Matter Auth: Biological Sciences; Chemistry; Physics,
9354,International Baccalaureate (IB) Environmental Systems and Societies,Science,General Education,Full Authorization:Single Subject: Science: Biological Sciences; Science: Chemistry; Science: Geosciences; Science: PhysicsLimited Authorization:Intro Supplementary Auth: Introductory ScienceIntro Subject Matter Auth: Introductory Science,
9355,International Baccalaureate (IB)  Physics,Science,General Education,Full Authorization:Single Subject: Science: PhysicsSpecific Supplementary Auth: PhysicsSpecific Subject Matter Auth: Physics,
9356,International Baccalaureate (IB) Chemistry,Science,General Education,Full Authorization:Single Subject: Science: ChemistrySpecific Supplementary Auth: ChemistrySpecific Subject Matter Auth: Chemistry,
9357,International Baccalaureate (IB) Biology,Science,General Education,Full Authorization:Single Subject: Science: Biological SciencesSpecific Supplementary Auth: Biological Science*Specific Subject Matter Auth: Biological Science*,
9358,College Credit Course - Science,Science,General Education,Full Authorization:Single Subject: Science: Biological Sciences; Science: Chemistry; Science: Geosciences; Science: PhysicsLimited Authorization:Supplementary Auth: Science,
9359,Forensic Science,Science,General Education,Full Authorization:Single Subject: Science: Biological Sciences; Science: Chemistry; Science: Geosciences; Science: PhysicsLimited Authorization:Intro Supplementary Auth: Introductory ScienceIntro Subject Matter Auth: Introductory Science,
9360,Pre-AP Biology,Science,General Education,Full Authorization:Single Subject: Science: Biological Sciences,
9361,Advanced Placement (AP) African American Studies,Social Science,General Education,Full Authorization:Single Subject: Social ScienceLimited Authorization:Supplementary Auth: Social ScienceIntro Supplementary Auth: Introductory Social ScienceIntro Subject Matter Auth: Introductory Social Science,
9362,Advanced Placement (AP) Pre-Calculus,Mathematics,General Education,Full Authorization:Single Subject: MathematicsLimited Authorization:Supplementary Auth: MathematicsIntro Supplementary Auth: Introductory MathematicsIntro Subject Matter Auth: Introductory Mathematics,
9370,Safety education,Elective,General Education,,Checked against requirements of Title 5 80005(b)Requires credential based on bachelors degree and student teachingNo Emergency documents
9371,Driver Training - behind the wheel,Driver Education,Designated Subjects,Full Authorization:Designated Subjects Special Subjects Credential: Driver Education and Driver Training,
9372,Driver Education,Driver Education,Designated Subjects,Full Authorization:Designated Subjects Special Subjects Credential: Driver Education and Driver Training; Limited Driver Training,
9373,Leadership/ Military science,ROTC,Designated Subjects,,Will always produce exception in CalSAAS
9374,Junior Reserve Officers Training Corps (JROTC),ROTC,Designated Subjects,Full Authorization:Designated Subjects - Special Subjects: ROTC; Basic Military Drill,
9380,Media Arts (Departmentalized K-8),Media Arts,General Education,Full Authorization:Single Subject: ArtSpecific Supplementary Auth: Graphic ArtsLimited Authorization:Supplementary Auth: ArtIntro Supplementary Auth: Introductory ArtIntro Subject Matter Auth: Introductory Art,
9381-01,Media Arts - Introduction,Media Arts,General Education,Full Authorization:Single Subject: ArtSpecific Supplementary Auth: Graphic ArtsLimited Authorization:Supplementary Auth: ArtIntro Supplementary Auth: Introductory ArtIntro Subject Matter Auth: Introductory Art,
9381-02,Media Arts - Digital Imaging,Media Arts,General Education,Full Authorization:Single Subject: ArtSpecific Supplementary Auth: Graphic ArtsLimited Authorization:Supplementary Auth: ArtIntro Supplementary Auth: Introductory ArtIntro Subject Matter Auth: Introductory Art,
9381-03,Media Arts - Interactive Design,Media Arts,General Education,Full Authorization:Single Subject: ArtSpecific Supplementary Auth: Graphic ArtsLimited Authorization:Supplementary Auth: ArtIntro Supplementary Auth: Introductory ArtIntro Subject Matter Auth: Introductory Art,
9381-04,Media Arts - Interactive Game Design,Media Arts,General Education,Full Authorization:Single Subject: Mathematics; Industrial and Technology Education; ArtLimited Authorization:Supplementary Auth: Industrial Arts; ArtIntro Supplementary Auth: Introductory Art; Introductory Industrial ArtsIntro Subject Matter Auth: Introductory Art,
9381-05,Media Arts - Web Design,Media Arts,General Education,Full Authorization:Single Subject: Mathematics; Industrial and Technology Education; ArtLimited Authorization:Supplementary Auth: Industrial Arts; ArtIntro Supplementary Auth: Introductory Art; Introductory Industrial ArtsIntro Subject Matter Auth: Introductory Art,
9381-06,Media Arts - Moving Image,Media Arts,General Education,Full Authorization:Single Subject: English; Art; Industrial and Technology EducationLimited Authorization:Supplementary Auth: Industrial ArtsIntro Supplementary Auth: Introductory Industrial Arts,
9381-07,Media Arts - Moving Image Animation,Media Arts,General Education,Full Authorization:Single Subject: English; Art; Industrial and Technology EducationLimited Authorization:Supplementary Auth: Industrial ArtsIntro Supplementary Auth: Introductory Industrial Arts,
9381-08,Media Arts - Digital Sound Design,Media Arts,General Education,Full Authorization:Single Subject: Industrial and Technology EducationLimited Authorization:Supplementary Auth: Industrial ArtsIntro Supplementary Auth: Introductory Industrial Arts,
9381-09,Media Arts - Virtual Design,Media Arts,General Education,Full Authorization:Single Subject: Mathematics; Industrial and Technology Education; ArtLimited Authorization:Supplementary Auth: Industrial Arts; ArtIntro Supplementary Auth: Introductory Industrial Arts; Introductory ArtIntro Subject Matter Auth: Introductory Art,
9381-10,Media Arts - Multimedia Design,Media Arts,General Education,Full Authorization:Single Subject: Mathematics; Industrial and Technology Education; ArtLimited Authorization:Supplementary Auth: Industrial Arts; ArtIntro Supplementary Auth: Introductory Industrial Arts; Introductory ArtIntro Subject Matter Auth: Introductory Art,
9381-11,Media Arts - Intermedia Design,Media Arts,General Education,Full Authorization:Single Subject: Mathematics; Industrial and Technology Education; ArtLimited Authorization:Supplementary Auth: Industrial Arts; ArtIntro Supplementary Auth: Introductory Industrial Arts; Introductory ArtIntro Subject Matter Auth: Introductory Art,
9381-12,Media Arts - Media Arts Theory,Media Arts,General Education,Full Authorization:Single Subject: ArtSpecific Supplementary Auth: Graphic ArtsLimited Authorization:Supplementary Auth: ArtIntro Supplementary Auth: Introductory ArtIntro Subject Matter Auth: Introductory Art,
9381-N/A,Media Arts - Multiple or Not Applicable,Media Arts,General Education,Full Authorization:Single Subject: ArtSpecific Supplementary Auth: Graphic ArtsLimited Authorization:Supplementary Auth: ArtIntro Supplementary Auth: Introductory ArtIntro Subject Matter Auth: Introductory Art,
9382,International Baccalaureate Middle Years Programme (IB MYP) Media,Art,General Education,Full Authorization:Single Subject: ArtSpecific Supplementary Auth: Graphic ArtsLimited Authorization:Supplementary Auth: ArtIntro Supplementary Auth: Introductory ArtIntro Subject Matter Auth: Introductory Art,
9400-01,Agriculture (Non-Career Technical Education) - Agricultural management,Agriculture,General Education,Full Authorization:Single Subject: AgricultureSpecialist Instruction Credential: AgricultureLimited Authorization:Supplementary Auth: AgricultureIntro Supplementary Auth: Introductory Agriculture,
9400-02,Agriculture (Non-Career Technical Education) - Agricultural mechanics,Agriculture,General Education,Full Authorization:Single Subject: AgricultureSpecific Supplementary Auth: Agricultural MechanicsSpecialist Instruction Credential: AgricultureLimited Authorization:Supplementary Auth: AgricultureIntro Supplementary Auth: Introductory Agriculture,
9400-03,Agriculture (Non-Career Technical Education) - Agricultural science,Agriculture,General Education,Full Authorization:Single Subject: AgricultureSpecialist Instruction Credential: AgricultureLimited Authorization:Supplementary Auth: AgricultureIntro Supplementary Auth: Introductory Agriculture,
9400-04,Agriculture (Non-Career Technical Education) - Animal science,Agriculture,General Education,Full Authorization:Single Subject: AgricultureSpecific Supplementary Auth: Animal ScienceSpecialist Instruction Credential: AgricultureLimited Authorization:Supplementary Auth: AgricultureIntro Supplementary Auth: Introductory Agriculture,
9400-05,Agriculture (Non-Career Technical Education) - Forestry,Agriculture,General Education,Full Authorization:Single Subject: AgricultureSpecific Supplementary Auth: Forestry and HorticultureSpecialist Instruction Credential: AgricultureLimited Authorization:Supplementary Auth: AgricultureIntro Supplementary Auth: Introductory Agriculture,
9400-06,Agriculture (Non-Career Technical Education) - Horticulture and Landscaping,Agriculture,General Education,Full Authorization:Single Subject: AgricultureSpecific Supplementary Auth: Forestry and Horticulture; Ornamental HorticultureSpecialist Instruction Credential: AgricultureLimited Authorization:Supplementary Auth: AgricultureIntro Supplementary Auth: Introductory Agriculture,
9400-07,Agriculture (Non-Career Technical Education) - Plant science,Agriculture,General Education,Full Authorization:Single Subject: AgricultureSpecific Supplementary Auth: Plant ScienceSpecific Subject Matter Auth: Plant ScienceSpecialist Instruction Credential: AgricultureLimited Authorization:Supplementary Auth: AgricultureIntro Supplementary Auth: Introductory Agriculture,
9500,Exploratory Work Experience Education (EWEE),Elective,General Education,,Checked against requirements of Title 5 80005(b)Requires credential based on bachelors degree and student teachingNo Emergency documents
9501,General Work Experience Education (GWEE),Elective,General Education,,Checked against requirements of Title 5 80005(b)Requires credential based on bachelors degree and student teachingNo Emergency documents
9502,CTE Work Experience Education (CTWEE),Elective,Career Technical Education,Full Authorization:CTE credential in any of the currently-issued industry sectorsSingle Subject*: Industrial and Technology Education; Agriculture; Home Economics; Business,*Use of flexibility afforded through Title 5 80004(c) is at the discretion of the employing agency.
9600,Cambridge Pre-Advanced Accounting (IGCSE) 0452,Business,General Education,Full Authorization:Single Subject: BusinessSpecific Supplementary Auth: Accounting including FinanceLimited Authorization:Supplementary Auth: BusinessIntro Supplementary Auth: Introductory Business,
9601,Cambridge Pre-Advanced World Languages,World Languages,General Education,"Full Authorization:Single Subject or Specific Supplementary Auth: Foreign language aligned with language of instructionLimited Authorization:Supplementary Auth, Intro Supplementary Auth, or Intro Subject Matter Auth: Foreign language aligned with language of instruction",Languages for which the Commission does not issue a credential will be checked against requirements of Title 5 80005(b).
9602,Cambridge Pre-Advanced Art Design (IGCSE) 0400,Art,General Education,Full Authorization:Single Subject: ArtLimited Authorization:Supplementary Auth: ArtIntro Supplementary Auth: Introductory ArtIntro Subject Matter Auth: Introductory Art,
9603,Cambridge Pre-Advanced Biology (IGCSE) 0610,Science,General Education,Full Authorization:Single Subject: Science: Biological SciencesSpecific Supplementary Auth: Biological ScienceSpecific Subject Matter Auth: Biological ScienceLimited Authorization:Supplementary Auth: ScienceIntro Supplementary Auth: Introductory ScienceIntro Subject Matter Auth: Introductory Science,
9604,Cambridge Pre-Advanced Business Studies (IGCSE) 0450,Business,General Education,Full Authorization:Single Subject: BusinessLimited Authorization:Supplementary Auth: BusinessIntro Supplementary Auth: Introductory Business,
9605,Cambridge Pre-Advanced Chemistry (IGCSE) 0620,Science,General Education,Full Authorization:Single Subject: Science: ChemistrySpecific Supplementary Auth: ChemistrySpecific Subject Matter Auth: Chemistry,
9606,Cambridge Pre-Advanced Computer Science (IGCSE) 0478,Computer Science,General Education,Full Authorization:Single Subject: Business; Mathematics; Industrial and Technology EducationSpecific Supplementary Auth: Computer ScienceLimited Authorization:Supplementary Auth: Business; Computer Science; Industrial ArtsIntro Supplementary Auth: Introductory Business; Introductory Computer Science; Introductory Industrial Arts,
9607,Cambridge Pre-Advanced Design Technology (IGCSE) 0445,Industrial and Technology Education,General Education,Full Authorization:Single Subject:  Industrial and Technology EducationLimited Authorization:Supplementary Auth: Industrial ArtsIntro Supplementary Auth: Introductory Industrial Arts,
9608,Cambridge Pre-Advanced Drama (IGCSE) 0411,Theatre,General Education,Full Authorization:Single Subject: Art; TheaterSpecific Supplementary Auth: DramaSpecific Subject Matter Auth: Drama/ TheatreLimited Authorization:Supplementary Auth: TheaterIntro Supplementary Auth: Introductory TheaterIntro Subject Matter Auth: Introductory Theater,"English authorizations issued prior to 2022 (e.g. ENGL, ENGX, etc) are authorized to teach theater content. See Coded 21-01 for more details."
9609,Cambridge Pre-Advanced Economics (IGCSE) 0455,Social Science,General Education,Full Authorization:Single Subject: Business; Social ScienceSpecific Supplementary Auth: Economics; Economics and Consumer EducationSpecific Subject Matter Auth: Economics (social science)Limited Authorization:Supplementary Auth: Business; Social ScienceIntro Supplementary Auth: Introductory Business; Introductory Social ScienceIntro Subject Matter Auth: Introductory Social Science,
9610,Cambridge Pre-Advanced First Language,World Languages,General Education,"Full Authorization:Single Subject or Specific Supplementary Auth: Foreign language aligned with language of instructionLimited Authorization:Supplementary Auth, Intro Supplementary Auth, or Intro Subject Matter Auth: Foreign language aligned with language of instruction",Languages for which the Commission does not issue a credential will be checked against requirements of Title 5 80005(b).
9611,Cambridge Pre-Advanced Literature,English,General Education,Full Authorization:Single Subject: EnglishSpecific Supplementary Auth: LiteratureSpecific Subject Matter Auth: LiteratureLimited Authorization:Supplementary Auth: EnglishIntro Supplementary Auth: Introductory EnglishIntro Subject Matter Auth: Introductory English,
9612,Cambridge Pre-Advanced Environmental Management (IGCSE) 0680,Science,General Education,Full Authorization:Single Subject: Science: Biological Sciences; Science: GeosciencesLimited Authorization:Supplementary Auth: ScienceIntro Supplementary Auth: Introductory ScienceIntro Subject Matter Auth: Introductory Science,
9613,Cambridge Pre-Advanced Food and Nutrition (IGCSE) 0648,Health,General Education,Full Authorization:Single Subject: Health Science; Home EconomicsSpecific Supplementary Auth: Food and Nutrition (Home Economics)Limited Authorization:Supplementary Auth: Health Science; Home EconomicsIntro Supplementary Auth: Introductory Health Science; Introductory Home Economics,
9614,Cambridge Pre-Advanced Geography (IGCSE) 0460,Social Science,General Education,Full Authorization:Single Subject: Social ScienceSpecific Supplementary Auth: GeographySpecific Subject Matter Auth: GeographyLimited Authorization:Supplementary Auth: Social ScienceIntro Supplementary Auth: Introductory Social ScienceIntro Subject Matter Auth: Introductory Social Science,
9615,Cambridge Pre-Advanced Global Perspectives (IGCSE) 0457,Social Science,General Education,Full Authorization:Single Subject: Social ScienceLimited Authorization:Supplementary Auth: Social ScienceIntro Supplementary Auth: Introductory Social ScienceIntro Subject Matter Auth: Introductory Social Science,
9616,Cambridge Pre-Advanced History (IGCSE) 0470,Social Science,General Education,Full Authorization:Single Subject: Social ScienceSpecific Subject Matter Auth: HistoryLimited Authorization:Supplementary Auth: Social ScienceIntro Supplementary Auth: Introductory Social ScienceIntro Subject Matter Auth: Introductory Social Science,
9617,Cambridge Pre-Advanced Information Communication Technology (IGCSE) 0417,Computer Science,General Education,Full Authorization:Single Subject: Business; Mathematics; Industrial and Technology EducationSpecific Supplementary Auth: Computer ScienceLimited Authorization:Supplementary Auth: Business; Computer Science; Industrial ArtsIntro Supplementary Auth: Introductory Business; Introductory Computer Science; Introductory Industrial Arts,
9618,Cambridge Pre-Advanced Mathematics 1 (IGCSE) 0580,Mathematics,General Education,Full Authorization:Single Subject: MathematicsLimited Authorization:Supplementary Auth: MathematicsIntro Supplementary Auth: Introductory MathematicsIntro Subject Matter Auth: Introductory Mathematics,
9619,Cambridge Pre-Advanced Mathematics 2 (IGCSE) 0580,Mathematics,General Education,Full Authorization:Single Subject: MathematicsLimited Authorization:Supplementary Auth: MathematicsIntro Supplementary Auth: Introductory MathematicsIntro Subject Matter Auth: Introductory Mathematics,
9620,Cambridge Pre-Advanced Additional Mathematics (IGCSE) 0606,Mathematics,General Education,Full Authorization:Single Subject: MathematicsLimited Authorization:Supplementary Auth: MathematicsIntro Supplementary Auth: Introductory MathematicsIntro Subject Matter Auth: Introductory Mathematics,
9621,Cambridge Pre-Advanced International Mathematics (IGCSE) 0607,Mathematics,General Education,Full Authorization:Single Subject: MathematicsLimited Authorization:Supplementary Auth: MathematicsIntro Supplementary Auth: Introductory MathematicsIntro Subject Matter Auth: Introductory Mathematics,
9622,Cambridge Pre-Advanced Music (IGCSE) 0410,Music,General Education,Full Authorization:Single Subject: MusicLimited Authorization:Supplementary Auth: MusicIntro Supplementary Auth: Introductory MusicIntro Subject Matter Auth: Introductory Music,
9623,Cambridge Pre-Advanced Physical Education (IGCSE) 0413,Physical Education,General Education,Full Authorization:Single Subject: Physical EducationLimited Authorization:Supplementary Auth: Physical EducationIntro Supplementary Auth: Introductory Physical Education,
9624,Cambridge Pre-Advanced Physics (IGCSE) 0625,Science,General Education,Full Authorization:Single Subject: Science: PhysicsSpecific Supplementary Auth: PhysicsSpecific Subject Matter Auth: Physics,
9625,Cambridge Pre-Advanced Combined Science (IGCSE) 0653,Science,General Education,Full Authorization:Single Subject: Science: Biological Sciences; Science: Chemistry; Science: PhysicsLimited Authorization:Single Subject: Foundational- Level General Science*Supplementary Auth: ScienceIntro Supplementary Auth: Introductory ScienceIntro Subject Matter Auth: Introductory Science,*Foundational- Level General Science is limited to grades K-8
9626,Cambridge Pre-Advanced Co-ordinated Science 1 (IGCSE) 0654,Science,General Education,Full Authorization:Single Subject: Science: Biological Sciences; Science: Chemistry; Science: PhysicsLimited Authorization:Single Subject: Foundational- Level General Science*Supplementary Auth: ScienceIntro Supplementary Auth: Introductory ScienceIntro Subject Matter Auth: Introductory Science,*Foundational- Level General Science is limited to grades K-8
9627,Cambridge Pre-Advanced Co-ordinated Science 2 (IGCSE) 0654,Science,General Education,Full Authorization:Single Subject: Science: Biological Sciences; Science: Chemistry; Science: PhysicsLimited Authorization:Single Subject: Foundational- Level General Science*Supplementary Auth: ScienceIntro Supplementary Auth: Introductory ScienceIntro Subject Matter Auth: Introductory Science,*Foundational- Level General Science is limited to grades K-8
9628,Cambridge Pre-Advanced Sociology (IGCSE) 0495,Social Science,General Education,Full Authorization:Single Subject: Social ScienceSpecific Supplementary Auth: SociologyLimited Authorization:Supplementary Auth: Social ScienceIntro Supplementary Auth: Introductory Social ScienceIntro Subject Matter Auth: Introductory Social Science,
9629,Cambridge Pre-Advanced Travel &amp; Tourism (IGCSE) 0471,Elective,General Education,,Checked against requirements of Title 5 80005(b)Requires credential based on bachelors degree and student teachingNo Emergency documents
9630,Cambridge Pre-Advanced World Literature (IGCSE) 0408,English,General Education,Full Authorization:Single Subject: EnglishSpecific Supplementary Auth: LiteratureSpecific Subject Matter Auth: LiteratureLimited Authorization:Supplementary Auth: EnglishIntro Supplementary Auth: Introductory EnglishIntro Subject Matter Auth: Introductory English,
9631,Cambridge Advanced Accounting (AS Level) 9706,Business,General Education,Full Authorization:Single Subject: BusinessSpecific Supplementary Auth: Accounting including FinanceLimited Authorization:Supplementary Auth: BusinessIntro Supplementary Auth: Introductory Business,
9632,Cambridge Advanced Accounting (A Level) 9706,Business,General Education,Full Authorization:Single Subject: BusinessSpecific Supplementary Auth: Accounting including FinanceLimited Authorization:Supplementary Auth: BusinessIntro Supplementary Auth: Introductory Business,
9633,Cambridge Advanced Art and Design (AS Level) 9479,Art,General Education,Full Authorization:Single Subject: ArtLimited Authorization:Supplementary Auth: ArtIntro Supplementary Auth: Introductory ArtIntro Subject Matter Auth: Introductory Art,
9634,Cambridge Advanced Art and Design (A Level) 9479,Art,General Education,Full Authorization:Single Subject: ArtLimited Authorization:Supplementary Auth: ArtIntro Supplementary Auth: Introductory ArtIntro Subject Matter Auth: Introductory Art,
9635,Cambridge Advanced Biology (AS Level) 9700,Science,General Education,Full Authorization:Single Subject: Science: Biological SciencesSpecific Supplementary Auth: Biological ScienceSpecific Subject Matter Auth: Biological ScienceLimited Authorization:Supplementary Auth: ScienceIntro Supplementary Auth: Introductory ScienceIntro Subject Matter Auth: Introductory Science,
9636,Cambridge Advanced Biology (A Level) 9700,Science,General Education,Full Authorization:Single Subject: Science: Biological SciencesSpecific Supplementary Auth: Biological ScienceSpecific Subject Matter Auth: Biological ScienceLimited Authorization:Supplementary Auth: ScienceIntro Supplementary Auth: Introductory ScienceIntro Subject Matter Auth: Introductory Science,
9637,Cambridge Advanced Business (AS Level) 9609,Business,General Education,Full Authorization:Single Subject: BusinessLimited Authorization:Supplementary Auth: BusinessIntro Supplementary Auth: Introductory Business,
9638,Cambridge Advanced Business (A Level) 9609,Business,General Education,Full Authorization:Single Subject: BusinessLimited Authorization:Supplementary Auth: BusinessIntro Supplementary Auth: Introductory Business,
9639,Cambridge Advanced Chemistry (AS Level) 9701,Science,General Education,Full Authorization:Single Subject: Science: ChemistrySpecific Supplementary Auth: ChemistrySpecific Subject Matter Auth: Chemistry,
9640,Cambridge Advanced Chemistry (A Level) 9701,Science,General Education,Full Authorization:Single Subject: Science: ChemistrySpecific Supplementary Auth: ChemistrySpecific Subject Matter Auth: Chemistry,
9641,Cambridge Advanced Classical Studies (AS Level) 9274,Social Science,General Education,Full Authorization:Single Subject: Social ScienceLimited Authorization:Supplementary Auth: Social ScienceIntro Supplementary Auth: Introductory Social ScienceIntro Subject Matter Auth: Introductory Social Science,
9642,Cambridge Advanced Classical Studies (A Level) 9274,Social Science,General Education,Full Authorization:Single Subject: Social ScienceLimited Authorization:Supplementary Auth: Social ScienceIntro Supplementary Auth: Introductory Social ScienceIntro Subject Matter Auth: Introductory Social Science,
9643,Cambridge Advanced Computer Science (AS Level) 9618,Computer Science,General Education,Full Authorization:Single Subject: Business; Mathematics; Industrial and Technology EducationSpecific Supplementary Auth: Computer ScienceLimited Authorization:Supplementary Auth: Business; Computer Science; Industrial ArtsIntro Supplementary Auth: Introductory Business; Introductory Computer Science; Introductory Industrial Arts,
9644,Cambridge Advanced Computer Science (A Level) 9618,Computer Science,General Education,Full Authorization:Single Subject: Business; Mathematics; Industrial and Technology EducationSpecific Supplementary Auth: Computer ScienceLimited Authorization:Supplementary Auth: Business; Computer Science; Industrial ArtsIntro Supplementary Auth: Introductory Business; Introductory Computer Science; Introductory Industrial Arts,
9645,Cambridge Advanced Design &amp; Technology (AS Level) 9705,Industrial and Technology Education,General Education,Full Authorization:Single Subject:  Industrial and Technology EducationLimited Authorization:Supplementary Auth:  Industrial ArtsIntro Supplementary Auth: Introductory  Industrial Arts,
9646,Cambridge Advanced Design &amp; Technology (A Level) 9705,Industrial and Technology Education,General Education,Full Authorization:Single Subject: Industrial and Technology EducationLimited Authorization:Supplementary Auth: Industrial ArtsIntro Supplementary Auth: Introductory Industrial Arts,
9647,Cambridge Advanced Biblical Studies (A Level) 9011,Elective,General Education,,Checked against requirements of Title 5 80005(b)Requires credential based on bachelors degree and student teachingNo Emergency documents
9648,Cambridge Advanced Biblical Studies (AS Level) 8401,Elective,General Education,,Checked against requirements of Title 5 80005(b)Requires credential based on bachelors degree and student teachingNo Emergency documents
9649,Cambridge Advanced Digital Media &amp; Design (AS Level) 9481,Art,General Education,Full Authorization:Single Subject: Art; Industrial and Technology EducationSpecific Supplementary Auth: Graphic ArtsLimited Authorization:Supplementary Auth: Art; Industrial ArtsIntro Supplementary Auth: Introductory Art; Introductory Industrial ArtsIntro Subject Matter Auth: Introductory Art,
9650,Cambridge Advanced Digital Media &amp; Design (A Level) 9481,Art,General Education,Full Authorization:Single Subject: Art; Industrial and Technology EducationSpecific Supplementary Auth: Graphic ArtsLimited Authorization:Supplementary Auth: Art; Industrial ArtsIntro Supplementary Auth: Introductory Art; Introductory Industrial ArtsIntro Subject Matter Auth: Introductory Art,
9651,Cambridge Advanced Drama (AS Level) 9482,Theatre,General Education,Full Authorization:Single Subject: Art; TheaterSpecific Supplementary Auth: DramaSpecific Subject Matter Auth: Drama/ TheatreLimited Authorization:Supplementary Auth: TheaterIntro Supplementary Auth: Introductory TheaterIntro Subject Matter Auth: Introductory Theater,"English authorizations issued prior to 2022 (e.g. ENGL, ENGX, etc) are authorized to teach theater content. See Coded 21-01 for more details."
9652,Cambridge Advanced Drama (A Level) 9482,Theatre,General Education,Full Authorization:Single Subject: Art; TheaterSpecific Supplementary Auth: DramaSpecific Subject Matter Auth: Drama/ TheatreLimited Authorization:Supplementary Auth: TheaterIntro Supplementary Auth: Introductory TheaterIntro Subject Matter Auth: Introductory Theater,"English authorizations issued prior to 2022 (e.g. ENGL, ENGX, etc) are authorized to teach theater content. See Coded 21-01 for more details."
9653,Cambridge Advanced Economics (AS Level) 9708,Social Science,General Education,Full Authorization:Single Subject: Business; Social ScienceSpecific Supplementary Auth: Economics; Economics and Consumer EducationSpecific Subject Matter Auth: Economics (social science)Limited Authorization:Supplementary Auth: Business; Social ScienceIntro Supplementary Auth: Introductory Business; Introductory Social ScienceIntro Subject Matter Auth: Introductory Social Science,
9654,Cambridge Advanced Economics (A Level) 9708,Social Science,General Education,Full Authorization:Single Subject: Business; Social ScienceSpecific Supplementary Auth: Economics; Economics and Consumer EducationSpecific Subject Matter Auth: Economics (social science)Limited Authorization:Supplementary Auth: Business; Social ScienceIntro Supplementary Auth: Introductory Business; Introductory Social ScienceIntro Subject Matter Auth: Introductory Social Science,
9655,Cambridge Advanced English Language and Literature (AS Level) 8695,English,General Education,Full Authorization:Single Subject: EnglishSpecific Supplementary Auth: LiteratureSpecific Subject Matter Auth: LiteratureLimited Authorization:Supplementary Auth: EnglishIntro Supplementary Auth: Introductory EnglishIntro Subject Matter Auth: Introductory English,
9656,Cambridge Advanced English General Paper (AS Level) 8201,English,General Education,Full Authorization:Single Subject: EnglishLimited Authorization:Supplementary Auth: EnglishIntro Supplementary Auth: Introductory EnglishIntro Subject Matter Auth: Introductory English,
9657,Cambridge Advanced Environmental Management (AS Level) 8291,Science,General Education,Full Authorization:Single Subject: Science: Biological Sciences; Science: GeosciencesLimited Authorization:Supplementary Auth: ScienceIntro Supplementary Auth: Introductory ScienceIntro Subject Matter Auth: Introductory Science,
9658,Cambridge Advanced Geography (AS Level) 9696,Social Science,General Education,Full Authorization:Single Subject: Social ScienceSpecific Supplementary Auth: GeographySpecific Subject Matter Auth: GeographyLimited Authorization:Supplementary Auth: Social ScienceIntro Supplementary Auth: Introductory Social ScienceIntro Subject Matter Auth: Introductory Social Science,
9659,Cambridge Advanced Geography (A Level) 9696,Social Science,General Education,Full Authorization:Single Subject: Social ScienceSpecific Supplementary Auth: GeographySpecific Subject Matter Auth: GeographyLimited Authorization:Supplementary Auth: Social ScienceIntro Supplementary Auth: Introductory Social ScienceIntro Subject Matter Auth: Introductory Social Science,
9660,Cambridge Advanced Global Perspectives and Research (AS Level) 9239,Social Science,General Education,Full Authorization:Single Subject: Social ScienceLimited Authorization:Supplementary Auth: Social ScienceIntro Supplementary Auth: Introductory Social ScienceIntro Subject Matter Auth: Introductory Social Science,
9661,Cambridge Advanced Global Perspectives and Research (A Level) 9239,Social Science,General Education,Full Authorization:Single Subject: Social ScienceLimited Authorization:Supplementary Auth: Social ScienceIntro Supplementary Auth: Introductory Social ScienceIntro Subject Matter Auth: Introductory Social Science,
9662,Cambridge Advanced History (American) (AS Level) 9489,Social Science,General Education,Full Authorization:Single Subject: Social ScienceSpecific Supplementary Auth: US History and History of CaliforniaSpecific Subject Matter Auth: HistoryLimited Authorization:Supplementary Auth: Social ScienceIntro Supplementary Auth: Introductory Social ScienceIntro Subject Matter Auth: Introductory Social Science,
9663,Cambridge Advanced History (European) (AS Level) 9489,Social Science,General Education,Full Authorization:Single Subject: Social ScienceSpecific Supplementary Auth: World HistorySpecific Subject Matter Auth: HistoryLimited Authorization:Supplementary Auth: Social ScienceIntro Supplementary Auth: Introductory Social ScienceIntro Subject Matter Auth: Introductory Social Science,
9664,Cambridge Advanced History (International) (AS Level) 9489,Social Science,General Education,Full Authorization:Single Subject: Social ScienceSpecific Supplementary Auth: World HistorySpecific Subject Matter Auth: HistoryLimited Authorization:Supplementary Auth: Social ScienceIntro Supplementary Auth: Introductory Social ScienceIntro Subject Matter Auth: Introductory Social Science,
9665,Cambridge Advanced American History (A Level) 9489,Social Science,General Education,Full Authorization:Single Subject: Social ScienceSpecific Supplementary Auth: US History and History of CaliforniaSpecific Subject Matter Auth: HistoryLimited Authorization:Supplementary Auth: Social ScienceIntro Supplementary Auth: Introductory Social ScienceIntro Subject Matter Auth: Introductory Social Science,
9666,Cambridge Advanced European History (A Level) 9489,Social Science,General Education,Full Authorization:Single Subject: Social ScienceSpecific Supplementary Auth: World HistorySpecific Subject Matter Auth: HistoryLimited Authorization:Supplementary Auth: Social ScienceIntro Supplementary Auth: Introductory Social ScienceIntro Subject Matter Auth: Introductory Social Science,
9667,Cambridge Advanced International History (A Level) 9489,Social Science,General Education,Full Authorization:Single Subject: Social ScienceSpecific Supplementary Auth: World HistorySpecific Subject Matter Auth: HistoryLimited Authorization:Supplementary Auth: Social ScienceIntro Supplementary Auth: Introductory Social ScienceIntro Subject Matter Auth: Introductory Social Science,
9668,Cambridge Advanced Information Technology (AS Level) 9626,Computer Science,General Education,Full Authorization:Single Subject: Business; Mathematics; Industrial and Technology EducationSpecific Supplementary Auth: Computer ScienceLimited Authorization:Supplementary Auth: Business; Computer Science; Indusrial ArtsIntro Supplementary Auth: Introductory Business; Introductory Computer Science; Introductory Industrial Arts,
9669,Cambridge Advanced Information Technology (A Level) 9626,Computer Science,General Education,Full Authorization:Single Subject: Business; Mathematics; Industrial and Technology EducationSpecific Supplementary Auth: Computer ScienceLimited Authorization:Supplementary Auth: Business; Computer Science; Indusrial ArtsIntro Supplementary Auth: Introductory Business; Introductory Computer Science; Introductory Industrial Arts,
9670,Cambridge Advanced Law (AS Level) 9084,Social Science,General Education,Full Authorization:Single Subject: Social ScienceLimited Authorization:Supplementary Auth: Social ScienceIntro Supplementary Auth: Introductory Social ScienceIntro Subject Matter Auth: Introductory Social Science,
9671,Cambridge Advanced Law (A Level) 9084,Social Science,General Education,Full Authorization:Single Subject: Social ScienceLimited Authorization:Supplementary Auth: Social ScienceIntro Supplementary Auth: Introductory Social ScienceIntro Subject Matter Auth: Introductory Social Science,
9672,Cambridge Advanced Marine Science (AS Level) 9693,Science,General Education,Full Authorization:Single Subject: Science: Biological Sciences; Science: GeosciencesSpecific Supplementary Auth: Biological ScienceLimited Authorization:Supplementary Auth:  ScienceIntro Supplementary Auth: Introductory ScienceIntro Subject Matter Auth: Introductory Science,
9673,Cambridge Advanced Marine Science (A Level) 9693,Science,General Education,Full Authorization:Single Subject: Science: Biological Sciences; Science: GeosciencesSpecific Supplementary Auth: Biological ScienceLimited Authorization:Supplementary Auth: ScienceIntro Supplementary Auth: Introductory ScienceIntro Subject Matter Auth: Introductory Science,
9674,Cambridge Advanced Mathematics (Pure) (AS Level) 9709,Mathematics,General Education,Full Authorization:Single Subject: MathematicsLimited Authorization:Supplementary Auth: MathematicsIntro Supplementary Auth: Introductory MathematicsIntro Subject Matter Auth: Introductory Mathematics,
9675,Cambridge Advanced Mathematics (Pure &amp; Mechanics) (AS Level) 9709,Mathematics,General Education,Full Authorization:Single Subject: MathematicsLimited Authorization:Supplementary Auth: MathematicsIntro Supplementary Auth: Introductory MathematicsIntro Subject Matter Auth: Introductory Mathematics,
9676,Cambridge Advanced Mathematics (Pure &amp; Probability and Statistics) (AS Level) 9709,Mathematics,General Education,Full Authorization:Single Subject: MathematicsLimited Authorization:Supplementary Auth: MathematicsIntro Supplementary Auth: Introductory MathematicsIntro Subject Matter Auth: Introductory Mathematics,
9677,"Cambridge Advanced Mathematics (Pure,  Probability and Statistics) (A Level) 9709",Mathematics,General Education,Full Authorization:Single Subject: MathematicsLimited Authorization:Supplementary Auth: MathematicsIntro Supplementary Auth: Introductory MathematicsIntro Subject Matter Auth: Introductory Mathematics,
9678,"Cambridge Advanced Mathematics (Pure,  Mechanics &amp; Probability &amp; Statistics) (A Level) 9709",Mathematics,General Education,Full Authorization:Single Subject: MathematicsLimited Authorization:Supplementary Auth: MathematicsIntro Supplementary Auth: Introductory MathematicsIntro Subject Matter Auth: Introductory Mathematics,
9679,Cambridge Advanced Further Mathematics  (AS Level) 9231,Mathematics,General Education,Full Authorization:Single Subject: MathematicsLimited Authorization:Supplementary Auth: MathematicsIntro Supplementary Auth: Introductory MathematicsIntro Subject Matter Auth: Introductory Mathematics,
9680,Cambridge Advanced Further Mathematics (A Level) 9231,Mathematics,General Education,Full Authorization:Single Subject: MathematicsLimited Authorization:Supplementary Auth: MathematicsIntro Supplementary Auth: Introductory MathematicsIntro Subject Matter Auth: Introductory Mathematics,
9681,Cambridge Advanced Media Studies (AS Level) 9607,Visual Art,General Education,Full Authorization:Single Subject: Art; Industrial and Technology EducationSpecific Supplementary Auth: Graphic ArtsLimited Authorization:Supplementary Auth: Art; Industrial ArtsIntro Supplementary Auth: Introductory Art; Introductory Industrial ArtsIntro Subject Matter Auth: Introductory Art,
9682,Cambridge Advanced Media Studies (A Level) 9607,Visual Art,General Education,Full Authorization:Single Subject: Art; Industrial and Technology EducationSpecific Supplementary Auth: Graphic ArtsLimited Authorization:Supplementary Auth: Art; Industrial ArtsIntro Supplementary Auth: Introductory Art; Introductory Industrial ArtsIntro Subject Matter Auth: Introductory Art,
9683,Cambridge Advanced Music (AS Level) 9483,Music,General Education,Full Authorization:Single Subject: MusicLimited Authorization:Supplementary Auth: MusicIntro Supplementary Auth: Introductory MusicIntro Subject Matter Auth: Introductory Music,
9684,Cambridge Advanced Music (A Level) 9483,Music,General Education,Full Authorization:Single Subject: MusicLimited Authorization:Supplementary Auth: MusicIntro Supplementary Auth: Introductory MusicIntro Subject Matter Auth: Introductory Music,
9685,Cambridge Advanced Physical Education (AS Level) 9396,Physical Education,General Education,Full Authorization:Single Subject: Physical EducationLimited Authorization:Supplementary Auth: Physical EducationIntro Supplementary Auth: Introductory Physical Education,
9686,Cambridge Advanced Physical Education (A Level) 9396,Physical Education,General Education,Full Authorization:Single Subject: Physical EducationLimited Authorization:Supplementary Auth: Physical EducationIntro Supplementary Auth: Introductory Physical Education,
9687,Cambridge Advanced Physics (AS Level) 9702,Science,General Education,Full Authorization:Single Subject: Science: PhysicsSpecific Supplementary Auth: PhysicsSpecific Subject Matter Auth: Physics,
9688,Cambridge Advanced Physics (A Level) 9702,Science,General Education,Full Authorization:Single Subject: Science: PhysicsSpecific Supplementary Auth: PhysicsSpecific Subject Matter Auth: Physics,
9689,Cambridge Advanced World Languages (A Level),World Languages,General Education,"Full Authorization:Single Subject or Specific Supplementary Auth: Foreign language aligned with language of instructionLimited Authorization:Supplementary Auth, Intro Supplementary Auth, or Intro Subject Matter Auth: Foreign language aligned with language of instruction",Languages for which the Commission does not issue a credential will be checked against requirements of Title 5 80005(b).
9690,Cambridge Advanced World Languages (AS Level),World Languages,General Education,"Full Authorization:Single Subject or Specific Supplementary Auth: Foreign language aligned with language of instructionLimited Authorization:Supplementary Auth, Intro Supplementary Auth, or Intro Subject Matter Auth: Foreign language aligned with language of instruction",Languages for which the Commission does not issue a credential will be checked against requirements of Title 5 80005(b).
9691,Cambridge Advanced Psychology (AS Level) 9990,Social Science,General Education,Full Authorization:Single Subject: Social ScienceSpecific Supplementary Auth: PsychologyLimited Authorization:Supplementary Auth: Social ScienceIntro Supplementary Auth: Introductory Social ScienceIntro Subject Matter Auth: Introductory Social Science,
9692,Cambridge Advanced Psychology (A Level) 9990,Social Science,General Education,Full Authorization:Single Subject: Social ScienceSpecific Supplementary Auth: PsychologyLimited Authorization:Supplementary Auth: Social ScienceIntro Supplementary Auth: Introductory Social ScienceIntro Subject Matter Auth: Introductory Social Science,
9693,Cambridge Advanced Sociology (AS Level) 9699,Social Science,General Education,Full Authorization:Single Subject: Social ScienceSpecific Supplementary Auth: SociologyLimited Authorization:Supplementary Auth: Social ScienceIntro Supplementary Auth: Introductory Social ScienceIntro Subject Matter Auth: Introductory Social Science,
9694,Cambridge Advanced Sociology (A Level) 9699,Social Science,General Education,Full Authorization:Single Subject: Social ScienceSpecific Supplementary Auth: SociologyLimited Authorization:Supplementary Auth: Social ScienceIntro Supplementary Auth: Introductory Social ScienceIntro Subject Matter Auth: Introductory Social Science,
9695,Cambridge Advanced Literature (A Level),English,General Education,Full Authorization:Single Subject: EnglishSpecific Supplementary Auth: LiteratureSpecific Subject Matter Auth: LiteratureLimited Authorization:Supplementary Auth: EnglishIntro Supplementary Auth: Introductory EnglishIntro Subject Matter Auth: Introductory English,
9696,Cambridge Advanced Literature (AS Level),English,General Education,Full Authorization:Single Subject: EnglishSpecific Supplementary Auth: LiteratureSpecific Subject Matter Auth: LiteratureLimited Authorization:Supplementary Auth: EnglishIntro Supplementary Auth: Introductory EnglishIntro Subject Matter Auth: Introductory English,
9697,Cambridge Advanced Thinking Skills (AS Level) 9694,Elective,General Education,,Checked against requirements of Title 5 80005(b)Requires credential based on bachelors degree and student teachingNo Emergency documents
9698,Cambridge Advanced Thinking Skills (A Level) 9694,Elective,General Education,,Checked against requirements of Title 5 80005(b)Requires credential based on bachelors degree and student teachingNo Emergency documents
9699,Cambridge Advanced Travel &amp; Tourism (AS Level) 9395,Elective,General Education,,Checked against requirements of Title 5 80005(b)Requires credential based on bachelors degree and student teachingNo Emergency documents
9700,Cambridge Advanced Travel &amp; Tourism (A Level) 9395,Elective,General Education,,Checked against requirements of Title 5 80005(b)Requires credential based on bachelors degree and student teachingNo Emergency documents
9701,Visual Impairment Instruction,Special Education Support,Special Education,Full Authorization:Education Specialist Instruction Credential: Visual Impairments,
9702,Orthopedic Impairment Instruction,Special Education Support,Special Education,"Full Authorization:Education Specialist Instruction Credential:
Physical and Health Impairment; Orthopedic Impairment Added Authorization; Mild to Moderate Support Needs; Extensive Support Needs;",
9703,Hearing Impairment Instruction,Special Education Support,Special Education,"Full Authorization: Education Specialist Instruction Credential:
Deaf and Hard of Hearing",
